sp|P05919|VPU_HV1H2	P05919.1	3.15e-83	1	81	1	81
sp|P05919|VPU_HV1H2	P05921.1	1.47e-81	1	81	1	81
sp|P05919|VPU_HV1H2	P69699.1	5.56e-79	1	81	2	81
sp|P05919|VPU_HV1H2	Q70625.1	4.97e-78	1	81	2	81
sp|P05919|VPU_HV1H2	P05923.1	2.79e-61	22	81	22	81
sp|P05919|VPU_HV1H2	P35966.1	3.16e-59	1	81	2	81
sp|P05919|VPU_HV1H2	P20882.1	3.74e-59	1	81	2	81
sp|P05919|VPU_HV1H2	P05924.1	1.38e-58	1	81	1	80
sp|P05919|VPU_HV1H2	P05925.1	2.41e-58	1	81	2	81
sp|P05919|VPU_HV1H2	P12518.2	5.90e-58	1	81	2	81
sp|P05919|VPU_HV1H2	P05947.2	4.67e-56	1	81	2	81
sp|P05919|VPU_HV1H2	P08803.2	1.96e-51	1	81	2	81
sp|P05919|VPU_HV1H2	P05949.2	9.89e-49	1	81	2	81
sp|P05919|VPU_HV1H2	P12516.1	1.51e-48	1	81	2	82
sp|P05919|VPU_HV1H2	P12517.1	1.03e-46	22	81	22	80
sp|P05919|VPU_HV1H2	P19554.1	2.15e-45	1	81	2	81
sp|P05919|VPU_HV1H2	P18806.1	5.43e-44	1	81	2	81
sp|P05919|VPU_HV1H2	Q75007.1	1.47e-43	6	81	12	86
sp|P05919|VPU_HV1H2	Q9QSQ8.1	3.08e-43	6	81	7	81
sp|P05919|VPU_HV1H2	P05948.2	3.14e-42	1	81	2	81
sp|P05919|VPU_HV1H2	P12515.1	4.13e-42	1	81	2	81
sp|P05919|VPU_HV1H2	Q89843.1	9.95e-42	22	81	23	80
sp|P05919|VPU_HV1H2	O70891.1	5.59e-41	6	81	7	81
sp|P05919|VPU_HV1H2	O70901.1	3.53e-40	6	81	6	80
sp|P05919|VPU_HV1H2	P08806.1	5.81e-30	23	81	1	58
sp|P05919|VPU_HV1H2	P08805.2	1.26e-29	22	66	23	70
sp|P05919|VPU_HV1H2	P08804.1	3.13e-29	36	81	1	45
sp|P05919|VPU_HV1H2	O12163.1	4.30e-27	22	81	28	86
sp|P05919|VPU_HV1H2	P08807.1	9.53e-21	47	81	4	37
sp|P05919|VPU_HV1H2	O91085.1	7.92e-19	6	63	4	61
sp|P05919|VPU_HV1H2	P08808.1	7.66e-18	47	81	1	34
sp|P05919|VPU_HV1H2	Q1A244.1	3.24e-16	6	66	7	67
sp|P05919|VPU_HV1H2	Q1A262.1	2.74e-14	19	72	25	77
sp|P05919|VPU_HV1H2	Q8N302.2	2.49e-10	28	80	35	105
sp|P05919|VPU_HV1H2	Q9IDV3.1	5.10e-10	6	63	4	61
sp|P05919|VPU_HV1H2	Q17389.1	1.94e-09	17	80	158	211
sp|P05919|VPU_HV1H2	P54567.1	4.66e-09	5	77	5	79
sp|P05919|VPU_HV1H2	P03310.2	1.99e-08	8	79	1482	1560
sp|P05919|VPU_HV1H2	Q2G506.1	2.00e-08	3	59	167	244
sp|P05919|VPU_HV1H2	A1A139.1	2.18e-08	3	65	369	443
sp|P05919|VPU_HV1H2	Q54XS3.1	4.06e-08	2	63	988	1058
sp|P05919|VPU_HV1H2	A5G0F8.1	6.90e-08	1	81	369	489
sp|P05919|VPU_HV1H2	B1WT39.1	1.20e-07	21	77	146	192
sp|P05919|VPU_HV1H2	Q9FL63.1	2.84e-07	6	80	255	317
sp|P05919|VPU_HV1H2	B0R806.1	3.10e-07	37	79	293	327
sp|P05919|VPU_HV1H2	Q9WUU9.2	3.54e-07	37	70	1940	1971
sp|P05919|VPU_HV1H2	B0XQ16.1	4.45e-07	10	80	528	608
sp|P05919|VPU_HV1H2	Q6BPF8.2	6.48e-07	5	56	290	332
sp|P05919|VPU_HV1H2	P44573.1	1.36e-06	35	78	293	335
sp|P05919|VPU_HV1H2	Q8UE87.2	1.63e-06	19	79	199	248
sp|P05919|VPU_HV1H2	Q5UPR9.1	1.94e-06	19	77	267	316
sp|P05919|VPU_HV1H2	A5FX26.1	2.15e-06	6	78	319	401
sp|P05919|VPU_HV1H2	A6U9N4.1	2.16e-06	19	79	199	248
sp|P05919|VPU_HV1H2	Q9LZ31.1	2.45e-06	28	70	156	206
sp|P05919|VPU_HV1H2	B0TDI0.1	2.57e-06	32	80	154	197
sp|P05919|VPU_HV1H2	P27866.2	2.57e-06	19	79	199	248
sp|P05919|VPU_HV1H2	A6W3V1.1	2.62e-06	3	81	369	471
sp|P05919|VPU_HV1H2	Q9M3G7.1	3.12e-06	26	81	961	1024
sp|P05919|VPU_HV1H2	P17296.1	3.42e-06	35	81	179	235
sp|P05919|VPU_HV1H2	Q5EA91.1	3.84e-06	7	71	42	108
sp|P05919|VPU_HV1H2	Q5U3C3.1	3.94e-06	7	71	42	108
sp|P05919|VPU_HV1H2	A1D3I1.1	4.40e-06	10	80	528	608
sp|P05919|VPU_HV1H2	Q0I4C5.1	4.65e-06	8	67	65	149
sp|P05919|VPU_HV1H2	P96634.1	5.28e-06	3	57	65	129
sp|P05919|VPU_HV1H2	Q8WN91.1	5.41e-06	2	78	699	812
sp|P05919|VPU_HV1H2	Q47IT9.1	5.47e-06	1	76	46	109
sp|P05919|VPU_HV1H2	Q21DG0.1	7.16e-06	6	81	375	477
sp|P05919|VPU_HV1H2	Q95L97.1	7.18e-06	3	75	210	307
sp|P05919|VPU_HV1H2	Q20735.1	7.97e-06	2	40	238	283
sp|P05919|VPU_HV1H2	Q1QYZ3.2	8.92e-06	9	72	39	88
sp|P05919|VPU_HV1H2	P55280.1	9.71e-06	10	76	615	683
sp|P05919|VPU_HV1H2	Q19981.3	9.74e-06	1	63	1169	1234
sp|P05919|VPU_HV1H2	P0C797.1	9.84e-06	31	68	335	366
sp|P05919|VPU_HV1H2	Q80UG2.3	1.03e-05	2	79	1232	1307
sp|P05919|VPU_HV1H2	Q9HCM2.4	1.03e-05	2	79	1233	1308
sp|P05919|VPU_HV1H2	Q3Z646.1	1.03e-05	3	73	16	101
sp|P05919|VPU_HV1H2	P98057.2	1.08e-05	1	25	14	37
sp|P05919|VPU_HV1H2	Q5RJH3.1	1.08e-05	5	63	617	678
sp|P05919|VPU_HV1H2	A2AN08.1	1.19e-05	30	80	4271	4321
sp|P05919|VPU_HV1H2	Q2TL32.2	1.19e-05	30	80	4285	4335
sp|P05919|VPU_HV1H2	A1SRB7.1	1.24e-05	18	76	193	260
sp|P05919|VPU_HV1H2	Q5T4S7.1	1.25e-05	30	80	4274	4324
sp|P05919|VPU_HV1H2	A5FPE4.1	1.26e-05	3	73	16	101
sp|P05919|VPU_HV1H2	P12314.2	1.32e-05	2	65	286	343
sp|P05919|VPU_HV1H2	A1ALL3.1	1.36e-05	11	81	53	117
sp|P05919|VPU_HV1H2	Q5ZPR3.1	1.50e-05	1	63	458	517
sp|P05919|VPU_HV1H2	P19485.2	1.51e-05	7	66	33	94
sp|P05919|VPU_HV1H2	Q8Y0Y3.1	1.65e-05	24	74	70	123
sp|P05919|VPU_HV1H2	A1RJZ5.1	1.67e-05	8	76	44	95
sp|P05919|VPU_HV1H2	Q68XS4.1	1.74e-05	6	81	361	463
sp|P05919|VPU_HV1H2	A3PAK3.1	1.90e-05	31	81	23	83
sp|P05919|VPU_HV1H2	P0C796.1	1.91e-05	31	68	335	366
sp|P05919|VPU_HV1H2	P55289.2	2.04e-05	3	63	608	678
sp|P05919|VPU_HV1H2	P50132.2	2.07e-05	22	77	194	257
sp|P05919|VPU_HV1H2	Q9KSB1.1	2.16e-05	41	77	310	345
sp|P05919|VPU_HV1H2	Q10W80.1	2.22e-05	37	72	346	385
sp|P05919|VPU_HV1H2	O13425.1	2.37e-05	24	74	370	419
sp|P05919|VPU_HV1H2	P38604.6	2.63e-05	18	58	650	697
sp|P05919|VPU_HV1H2	A0LLH3.1	3.01e-05	6	81	363	465
sp|P05919|VPU_HV1H2	A9IJB7.1	3.08e-05	7	81	376	477
sp|P05919|VPU_HV1H2	E9PTA2.3	3.11e-05	18	81	1118	1196
sp|P05919|VPU_HV1H2	Q55665.2	3.13e-05	28	75	330	369
sp|P05919|VPU_HV1H2	Q80UP8.2	4.03e-05	3	75	210	307
sp|P05919|VPU_HV1H2	A1S4X2.1	4.16e-05	1	78	16	102
sp|P05919|VPU_HV1H2	O31785.2	4.27e-05	2	69	148	244
sp|P05919|VPU_HV1H2	Q9VLT5.1	4.28e-05	26	69	4392	4444
sp|P05919|VPU_HV1H2	P14358.2	4.44e-05	6	78	218	289
sp|P05919|VPU_HV1H2	P28371.2	4.82e-05	37	72	346	385
sp|P05919|VPU_HV1H2	P97326.2	5.23e-05	10	59	615	666
sp|P05919|VPU_HV1H2	P55285.1	5.23e-05	10	59	615	666
sp|P05919|VPU_HV1H2	Q5ZW98.2	5.42e-05	3	72	37	87
sp|P05919|VPU_HV1H2	A2SR54.1	5.43e-05	29	69	290	327
sp|P05919|VPU_HV1H2	A1A4I1.1	5.43e-05	3	76	210	311
sp|P05919|VPU_HV1H2	C5BKL7.1	5.48e-05	8	81	369	480
sp|P05919|VPU_HV1H2	A9KES2.1	5.50e-05	4	35	72	123
sp|P05919|VPU_HV1H2	A7H2B2.1	5.64e-05	13	71	249	305
sp|P05919|VPU_HV1H2	B7VJ00.1	5.79e-05	4	44	72	131
sp|P05919|VPU_HV1H2	O14136.1	6.01e-05	5	64	178	253
sp|P05919|VPU_HV1H2	A9NA35.1	6.04e-05	4	35	72	123
sp|P05919|VPU_HV1H2	Q3V209.1	6.18e-05	6	80	36	162
sp|P05919|VPU_HV1H2	P39285.3	6.47e-05	4	80	679	766
sp|P05919|VPU_HV1H2	A6W3L5.1	6.51e-05	15	64	43	92
sp|P05919|VPU_HV1H2	Q63488.1	6.82e-05	3	59	210	267
sp|P05919|VPU_HV1H2	A1CQL5.1	6.93e-05	10	80	511	591
sp|P05919|VPU_HV1H2	B3PIU1.1	6.94e-05	6	81	367	469
sp|P05919|VPU_HV1H2	Q0VGK4.1	7.35e-05	20	70	17	70
sp|P05919|VPU_HV1H2	Q9CRY7.1	7.35e-05	20	70	17	70
sp|P05919|VPU_HV1H2	Q485G8.1	7.79e-05	29	71	9	52
sp|P05919|VPU_HV1H2	Q8C8R3.2	8.35e-05	40	80	3440	3487
sp|P05919|VPU_HV1H2	Q9P0N8.1	9.09e-05	6	75	176	231
sp|P05919|VPU_HV1H2	Q9C0V8.1	9.46e-05	10	63	473	538
sp|P05919|VPU_HV1H2	Q0WVM4.1	9.57e-05	5	54	234	283
sp|P05919|VPU_HV1H2	P34493.1	1.09e-04	31	80	7	93
sp|P05919|VPU_HV1H2	Q8DL37.2	1.10e-04	19	76	467	541
sp|P05919|VPU_HV1H2	Q9SKG5.2	1.11e-04	24	66	508	546
sp|P05919|VPU_HV1H2	B3QKL9.1	1.12e-04	2	79	413	511
sp|P05919|VPU_HV1H2	Q5WXA2.1	1.15e-04	3	72	37	87
sp|P05919|VPU_HV1H2	Q6N2A3.2	1.16e-04	2	79	413	511
sp|P05919|VPU_HV1H2	Q15WG1.1	1.19e-04	29	71	9	52
sp|P05919|VPU_HV1H2	Q6F7T9.1	1.21e-04	13	78	380	458
sp|P05919|VPU_HV1H2	Q69567.2	1.24e-04	41	80	500	551
sp|P05919|VPU_HV1H2	A1W0Q3.1	1.27e-04	13	64	249	297
sp|P05919|VPU_HV1H2	P0CO06.1	1.28e-04	20	54	328	361
sp|P05919|VPU_HV1H2	Q8LPS5.2	1.28e-04	24	66	489	527
sp|P05919|VPU_HV1H2	Q4L3G0.1	1.31e-04	27	74	1040	1086
sp|P05919|VPU_HV1H2	Q86VH2.1	1.34e-04	27	74	136	204
sp|P05919|VPU_HV1H2	Q753L2.1	1.36e-04	6	75	8	68
sp|P05919|VPU_HV1H2	P75263.1	1.39e-04	7	34	95	122
sp|P05919|VPU_HV1H2	Q9ZHD9.2	1.39e-04	26	75	230	276
sp|P05919|VPU_HV1H2	Q6NV12.1	1.40e-04	8	75	238	295
sp|P05919|VPU_HV1H2	B8DP11.1	1.41e-04	6	70	353	405
sp|P05919|VPU_HV1H2	Q6Q885.1	1.41e-04	20	61	347	382
sp|P05919|VPU_HV1H2	P33271.1	1.41e-04	2	72	150	243
sp|P05919|VPU_HV1H2	A1WF57.1	1.42e-04	23	77	166	206
sp|P05919|VPU_HV1H2	A3DH43.1	1.44e-04	5	68	368	453
sp|P05919|VPU_HV1H2	Q1I2H4.1	1.51e-04	22	76	374	469
sp|P05919|VPU_HV1H2	A5VSF3.1	1.51e-04	31	81	611	643
sp|P05919|VPU_HV1H2	Q5X5Y0.1	1.67e-04	3	72	37	87
sp|P05919|VPU_HV1H2	B2VA33.1	1.67e-04	29	79	262	339
sp|P05919|VPU_HV1H2	Q10ZF7.1	1.67e-04	13	66	595	653
sp|P05919|VPU_HV1H2	Q8FWN9.1	1.70e-04	3	79	143	216
sp|P05919|VPU_HV1H2	A5VU89.1	1.72e-04	3	79	143	216
sp|P05919|VPU_HV1H2	Q77376.1	1.72e-04	5	72	6	76
sp|P05919|VPU_HV1H2	Q2YK65.1	1.74e-04	3	79	143	216
sp|P05919|VPU_HV1H2	Q60553.1	1.75e-04	4	57	650	711
sp|P05919|VPU_HV1H2	A5IB85.1	1.76e-04	3	72	44	94
sp|P05919|VPU_HV1H2	Q2UPI1.1	1.85e-04	10	81	527	592
sp|P05919|VPU_HV1H2	Q9D5K4.1	1.92e-04	24	76	283	341
sp|P05919|VPU_HV1H2	P50191.1	2.01e-04	33	81	142	188
sp|P05919|VPU_HV1H2	Q92637.1	2.02e-04	2	65	192	249
sp|P05919|VPU_HV1H2	A6NKC4.2	2.02e-04	2	65	192	249
sp|P05919|VPU_HV1H2	Q32NH8.1	2.05e-04	28	61	425	456
sp|P05919|VPU_HV1H2	B2RXS4.1	2.08e-04	3	63	1200	1279
sp|P05919|VPU_HV1H2	Q0V3R6.2	2.10e-04	21	80	1089	1213
sp|P05919|VPU_HV1H2	Q60CR0.1	2.11e-04	38	80	419	473
sp|P05919|VPU_HV1H2	Q04779.1	2.21e-04	29	64	556	599
sp|P05919|VPU_HV1H2	Q8K9C7.1	2.23e-04	43	81	129	172
sp|P05919|VPU_HV1H2	P14229.1	2.25e-04	39	78	53	99
sp|P05919|VPU_HV1H2	A9KMU8.1	2.30e-04	3	69	3	68
sp|P05919|VPU_HV1H2	P0CM45.1	2.30e-04	29	62	688	721
sp|P05919|VPU_HV1H2	P0CM44.1	2.30e-04	29	62	688	721
sp|P05919|VPU_HV1H2	B8I004.1	2.31e-04	3	42	223	267
sp|P05919|VPU_HV1H2	Q28E01.1	2.32e-04	2	63	212	286
sp|P05919|VPU_HV1H2	Q5XHF9.1	2.32e-04	1	56	209	284
sp|P05919|VPU_HV1H2	Q2IU52.1	2.40e-04	16	81	1056	1134
sp|P05919|VPU_HV1H2	A4J5Z5.1	2.40e-04	24	79	238	323
sp|P05919|VPU_HV1H2	P0AGC0.1	2.45e-04	10	41	428	460
sp|P05919|VPU_HV1H2	Q940H8.1	2.61e-04	23	76	70	140
sp|P05919|VPU_HV1H2	Q6FSN5.1	2.62e-04	31	80	164	235
sp|P05919|VPU_HV1H2	Q8N9F7.2	2.72e-04	20	70	17	70
sp|P05919|VPU_HV1H2	B5EYD7.1	2.74e-04	29	81	59	103
sp|P05919|VPU_HV1H2	A9MLA7.1	2.74e-04	29	81	59	103
sp|P05919|VPU_HV1H2	P70945.1	2.76e-04	24	72	199	247
sp|P05919|VPU_HV1H2	C4K168.1	2.76e-04	6	81	363	465
sp|P05919|VPU_HV1H2	A9MW31.1	2.77e-04	29	81	59	103
sp|P05919|VPU_HV1H2	Q7S130.1	2.80e-04	3	49	327	367
sp|P05919|VPU_HV1H2	P34110.2	2.83e-04	29	69	426	478
sp|P05919|VPU_HV1H2	Q9CY21.1	2.84e-04	28	78	22	83
sp|P05919|VPU_HV1H2	E9QT42.1	2.84e-04	17	63	304	352
sp|P05919|VPU_HV1H2	Q92JJ3.1	2.85e-04	6	81	363	465
sp|P05919|VPU_HV1H2	Q5JIZ3.1	2.88e-04	1	66	43	107
sp|P05919|VPU_HV1H2	B0BVZ4.1	2.94e-04	6	81	363	465
sp|P05919|VPU_HV1H2	A8GQK8.1	3.00e-04	6	81	363	465
sp|P05919|VPU_HV1H2	P57113.2	3.13e-04	4	76	55	130
sp|P05919|VPU_HV1H2	P65622.1	3.19e-04	8	81	377	477
sp|P05919|VPU_HV1H2	P47522.2	3.24e-04	3	63	199	262
sp|P05919|VPU_HV1H2	Q4JC35.1	3.26e-04	25	75	203	259
sp|P05919|VPU_HV1H2	Q9TTK7.1	3.26e-04	17	72	51	111
sp|P05919|VPU_HV1H2	Q01279.1	3.30e-04	2	56	643	704
sp|P05919|VPU_HV1H2	Q7TPW1.3	3.35e-04	28	64	59	107
sp|P05919|VPU_HV1H2	Q7W2K1.2	3.36e-04	8	81	377	477
sp|P05919|VPU_HV1H2	Q9D9J7.1	3.60e-04	2	79	302	386
sp|P05919|VPU_HV1H2	C3PM83.1	3.61e-04	6	81	363	465
sp|P05919|VPU_HV1H2	Q92KX2.1	3.62e-04	31	81	609	641
sp|P05919|VPU_HV1H2	O32483.2	3.66e-04	20	71	228	280
sp|P05919|VPU_HV1H2	P67118.1	3.67e-04	2	48	83	147
sp|P05919|VPU_HV1H2	Q2KTI5.1	3.69e-04	8	76	375	468
sp|P05919|VPU_HV1H2	P30187.1	3.88e-04	23	78	99	156
sp|P05919|VPU_HV1H2	Q01484.4	3.91e-04	40	80	3487	3534
sp|P05919|VPU_HV1H2	F8GE40.1	4.02e-04	13	71	288	341
sp|P05919|VPU_HV1H2	Q9P9U1.1	4.05e-04	7	76	373	467
sp|P05919|VPU_HV1H2	Q9XFX3.1	4.05e-04	8	68	9	91
sp|P05919|VPU_HV1H2	O48928.1	4.06e-04	28	70	152	202
sp|P05919|VPU_HV1H2	C5C1N8.1	4.19e-04	26	81	642	702
sp|P05919|VPU_HV1H2	P37874.2	4.25e-04	11	64	61	114
sp|P05919|VPU_HV1H2	A1C8D8.1	4.25e-04	3	81	1406	1471
sp|P05919|VPU_HV1H2	B0U6I1.1	4.31e-04	7	76	373	467
sp|P05919|VPU_HV1H2	Q9V419.1	4.31e-04	6	81	6	61
sp|P05919|VPU_HV1H2	Q6C9G2.1	4.34e-04	29	81	377	451
sp|P05919|VPU_HV1H2	Q2TA68.1	4.36e-04	29	73	206	257
sp|P05919|VPU_HV1H2	Q3J6L8.1	4.52e-04	7	81	364	465
sp|P05919|VPU_HV1H2	C5DYQ1.1	4.56e-04	2	76	101	170
sp|P05919|VPU_HV1H2	Q2JXF6.1	4.60e-04	42	79	102	143
sp|P05919|VPU_HV1H2	Q5QXS2.1	4.67e-04	29	71	10	53
sp|P05919|VPU_HV1H2	Q97BJ8.1	4.75e-04	45	81	164	196
sp|P05919|VPU_HV1H2	Q5E7H2.1	4.75e-04	37	72	346	385
sp|P05919|VPU_HV1H2	B0T872.1	4.76e-04	6	81	402	504
sp|P05919|VPU_HV1H2	B0T872.1	8.91e-04	1	48	570	621
sp|P05919|VPU_HV1H2	A3DLW5.1	5.00e-04	16	56	430	471
sp|P05919|VPU_HV1H2	P58281.1	5.09e-04	29	73	206	257
sp|P05919|VPU_HV1H2	Q324Y3.1	5.11e-04	29	81	59	103
sp|P05919|VPU_HV1H2	Q2YCL2.1	5.39e-04	1	66	15	97
sp|P05919|VPU_HV1H2	Q68CP4.2	5.41e-04	2	81	193	308
sp|P05919|VPU_HV1H2	Q15722.2	5.51e-04	3	42	17	56
sp|P05919|VPU_HV1H2	Q3T181.1	5.56e-04	3	42	17	56
sp|P05919|VPU_HV1H2	C5CB68.1	5.60e-04	3	25	310	332
sp|P05919|VPU_HV1H2	Q0SPY8.1	5.69e-04	3	78	95	197
sp|P05919|VPU_HV1H2	Q08DJ5.1	5.82e-04	5	63	616	676
sp|P05919|VPU_HV1H2	P26171.1	5.83e-04	5	50	175	220
sp|P05919|VPU_HV1H2	Q8NSB6.1	5.90e-04	20	81	653	700
sp|P05919|VPU_HV1H2	Q0ZGT2.1	5.94e-04	28	64	123	171
sp|P05919|VPU_HV1H2	Q9ZR79.2	5.99e-04	24	73	526	592
sp|P05919|VPU_HV1H2	A4QC94.1	6.02e-04	20	81	653	700
sp|P05919|VPU_HV1H2	O26964.1	6.10e-04	35	70	355	392
sp|P05919|VPU_HV1H2	Q9PJT8.1	6.10e-04	30	75	368	412
sp|P05919|VPU_HV1H2	A4Y1A0.1	6.18e-04	1	76	376	489
sp|P05919|VPU_HV1H2	Q6N8V0.1	6.24e-04	16	70	1081	1150
sp|P05919|VPU_HV1H2	B8NY88.1	6.24e-04	40	75	6372	6425
sp|P05919|VPU_HV1H2	P31423.1	6.43e-04	31	74	373	422
sp|P05919|VPU_HV1H2	Q68EF4.2	6.43e-04	31	74	373	422
sp|P05919|VPU_HV1H2	P0DO22.1	6.50e-04	31	75	241	294
sp|P05919|VPU_HV1H2	Q7NAK6.2	6.60e-04	28	60	429	458
sp|P05919|VPU_HV1H2	Q92562.1	6.63e-04	24	80	49	129
sp|P05919|VPU_HV1H2	Q00474.1	6.67e-04	3	68	186	272
sp|P05919|VPU_HV1H2	Q9P225.3	6.68e-04	22	81	1283	1380
sp|P05919|VPU_HV1H2	Q8JIM3.1	6.68e-04	3	67	8	70
sp|P05919|VPU_HV1H2	Q04547.1	6.70e-04	3	68	273	332
sp|P05919|VPU_HV1H2	Q8VHP6.1	6.75e-04	2	56	699	778
sp|P05919|VPU_HV1H2	P58245.1	6.78e-04	26	64	168	214
sp|P05919|VPU_HV1H2	P18466.1	6.80e-04	1	36	300	333
sp|P05919|VPU_HV1H2	B2TTB3.1	6.85e-04	29	81	59	103
sp|P05919|VPU_HV1H2	B1LKE5.1	6.85e-04	29	81	59	103
sp|P05919|VPU_HV1H2	Q8ZW40.3	7.05e-04	9	69	163	232
sp|P05919|VPU_HV1H2	Q9LW26.1	7.09e-04	35	67	581	610
sp|P05919|VPU_HV1H2	B2IAR7.1	7.12e-04	7	76	373	467
sp|P05919|VPU_HV1H2	Q3Z4P5.1	7.14e-04	29	81	59	103
sp|P05919|VPU_HV1H2	B7N980.1	7.14e-04	29	81	59	103
sp|P05919|VPU_HV1H2	B1JFV4.1	7.19e-04	22	76	373	468
sp|P05919|VPU_HV1H2	B7V7A5.1	7.21e-04	1	76	375	488
sp|P05919|VPU_HV1H2	Q8TLK5.1	7.27e-04	36	68	220	259
sp|P05919|VPU_HV1H2	Q9HT06.1	7.29e-04	1	76	375	488
sp|P05919|VPU_HV1H2	A8GLY9.1	7.34e-04	6	63	363	418
sp|P05919|VPU_HV1H2	P95375.1	7.40e-04	4	65	12	78
sp|P05919|VPU_HV1H2	Q5K0C8.1	7.52e-04	9	58	1	55
sp|P05919|VPU_HV1H2	B7UKK3.1	7.75e-04	29	81	59	103
sp|P05919|VPU_HV1H2	A1A8J2.1	7.75e-04	29	81	59	103
sp|P05919|VPU_HV1H2	Q83M27.1	7.75e-04	29	81	59	103
sp|P05919|VPU_HV1H2	Q0TKB5.1	7.75e-04	29	81	59	103
sp|P05919|VPU_HV1H2	Q3SWX5.1	7.75e-04	10	59	615	666
sp|P05919|VPU_HV1H2	P82348.2	7.83e-04	29	70	91	132
sp|P05919|VPU_HV1H2	Q01879.3	7.86e-04	16	81	1171	1217
sp|P05919|VPU_HV1H2	P0A140.1	7.89e-04	22	76	373	468
sp|P05919|VPU_HV1H2	B0KRC1.1	7.89e-04	22	76	373	468
sp|P05919|VPU_HV1H2	Q7UT69.1	7.92e-04	31	79	159	224
sp|P05919|VPU_HV1H2	Q0A4L5.1	7.97e-04	6	66	362	417
sp|P05919|VPU_HV1H2	Q1RKG2.1	8.04e-04	19	79	201	250
sp|P05919|VPU_HV1H2	A4T5K9.1	8.08e-04	41	80	123	164
sp|P05919|VPU_HV1H2	Q6DEZ2.1	8.19e-04	19	77	694	766
sp|P05919|VPU_HV1H2	A5H9N6.1	8.22e-04	13	78	380	458
sp|P05919|VPU_HV1H2	B5YPP1.1	8.24e-04	29	81	59	103
sp|P05919|VPU_HV1H2	B7LJI4.1	8.24e-04	29	81	59	103
sp|P05919|VPU_HV1H2	A7Z3W3.1	8.27e-04	4	80	199	289
sp|P05919|VPU_HV1H2	B5BSX1.1	8.30e-04	24	78	246	314
sp|P05919|VPU_HV1H2	Q99M02.1	8.41e-04	6	55	176	225
sp|P05919|VPU_HV1H2	Q5I0I2.1	8.41e-04	6	55	176	225
sp|P05919|VPU_HV1H2	A6VF45.1	8.41e-04	1	76	375	488
sp|P05919|VPU_HV1H2	Q8IYS4.3	8.42e-04	34	77	107	167
sp|P05919|VPU_HV1H2	P16871.3	8.58e-04	4	58	240	322
sp|P05919|VPU_HV1H2	A0JM41.1	8.65e-04	5	66	157	218
sp|P05919|VPU_HV1H2	A5WBB7.1	8.65e-04	22	76	373	468
sp|P05919|VPU_HV1H2	Q8XHB7.1	8.68e-04	3	81	95	201
sp|P05919|VPU_HV1H2	Q00714.2	8.72e-04	19	63	203	240
sp|P05919|VPU_HV1H2	B2SFH9.1	0.001	25	78	48	98
sp|P05919|VPU_HV1H2	P38035.2	0.001	22	81	24	88
sp|P05919|VPU_HV1H2	Q5HTJ5.1	0.001	13	64	249	297
sp|P05919|VPU_HV1H2	Q54QY9.1	0.001	3	71	169	261
sp|P05919|VPU_HV1H2	A2VD98.1	0.001	5	66	159	220
sp|P05919|VPU_HV1H2	Q6A0A9.2	0.001	31	77	727	792
sp|P05919|VPU_HV1H2	Q9FL92.1	0.001	6	67	1078	1176
sp|P05919|VPU_HV1H2	O14526.2	0.001	29	81	20	81
sp|P05919|VPU_HV1H2	Q9AJN6.1	0.001	22	76	353	430
sp|P05919|VPU_HV1H2	Q9H5L6.2	0.001	24	66	154	212
sp|P05919|VPU_HV1H2	A4QDG9.1	0.001	2	48	25	69
sp|P05919|VPU_HV1H2	B7VGZ1.1	0.001	25	81	49	103
sp|P05919|VPU_HV1H2	Q9HUX4.1	0.001	29	73	32	100
sp|P05919|VPU_HV1H2	A9BA66.1	0.001	26	76	192	271
sp|P05919|VPU_HV1H2	Q9ZQR3.1	0.001	1	37	503	535
sp|P05919|VPU_HV1H2	Q9ZQQ7.1	0.001	1	37	521	553
sp|P05919|VPU_HV1H2	P75901.2	0.001	5	69	74	133
sp|P05919|VPU_HV1H2	Q8C0L6.3	0.001	17	80	100	166
sp|P05919|VPU_HV1H2	Q79VG9.1	0.001	2	48	25	69
sp|P05919|VPU_HV1H2	Q8AA76.1	0.001	8	71	372	439
sp|P05919|VPU_HV1H2	P08101.2	0.001	3	73	209	264
sp|P05919|VPU_HV1H2	Q4V9H3.2	0.001	32	67	70	97
sp|P05919|VPU_HV1H2	A0A0H2ZHV3.1	0.001	29	73	32	100
sp|P05919|VPU_HV1H2	Q6D0I0.1	0.001	4	44	72	131
sp|P05919|VPU_HV1H2	P05710.2	0.001	8	79	235	343
sp|P05919|VPU_HV1H2	Q1LSW4.1	0.001	28	73	194	241
sp|P05919|VPU_HV1H2	Q9ES44.2	0.001	3	75	210	269
sp|P05919|VPU_HV1H2	Q119Z5.1	0.001	3	48	833	874
sp|P05919|VPU_HV1H2	Q7VQG3.1	0.001	19	79	209	258
sp|P05919|VPU_HV1H2	C6DEU6.1	0.001	4	44	72	131
sp|P05919|VPU_HV1H2	Q87M30.1	0.001	37	72	347	386
sp|P05919|VPU_HV1H2	Q9FFI2.1	0.001	27	81	244	319
sp|P05919|VPU_HV1H2	Q6LVS4.1	0.001	9	76	19	93
sp|P05919|VPU_HV1H2	Q8VE43.1	0.001	15	72	196	266
sp|P05919|VPU_HV1H2	B1JR11.1	0.001	2	71	78	160
sp|P05919|VPU_HV1H2	A5UBE2.1	0.001	3	81	95	185
sp|P05919|VPU_HV1H2	Q6NT55.1	0.001	25	72	278	337
sp|P05919|VPU_HV1H2	Q9F6D4.1	0.001	10	74	240	313
sp|P05919|VPU_HV1H2	P64112.1	0.001	27	71	242	295
sp|P05919|VPU_HV1H2	C4R4R8.1	0.001	31	72	218	274
sp|P05919|VPU_HV1H2	O26478.1	0.001	3	68	137	218
sp|P05919|VPU_HV1H2	Q00823.1	0.001	3	62	26	86
sp|P05919|VPU_HV1H2	S0DLP2.1	0.001	38	81	4700	4757
sp|P05919|VPU_HV1H2	Q6H601.2	0.001	40	80	265	327
sp|P05919|VPU_HV1H2	P49358.1	0.001	24	75	387	435
sp|P05919|VPU_HV1H2	B4RDV5.1	0.001	1	48	538	589
sp|P05919|VPU_HV1H2	Q04594.1	0.001	3	63	430	500
sp|P05919|VPU_HV1H2	Q91094.1	0.001	3	63	430	500
sp|P05919|VPU_HV1H2	Q9PN30.1	0.001	13	64	249	297
sp|P05919|VPU_HV1H2	Q8IZF3.3	0.001	6	32	411	441
sp|P05919|VPU_HV1H2	C5A782.1	0.001	39	81	183	226
sp|P05919|VPU_HV1H2	Q13634.1	0.001	5	63	616	676
sp|P05919|VPU_HV1H2	B1XLK6.1	0.001	31	81	126	180
sp|P05919|VPU_HV1H2	A7Z0C6.1	0.001	29	80	153	233
sp|P05919|VPU_HV1H2	Q7TPB4.1	0.001	1	63	240	299
sp|P05919|VPU_HV1H2	Q9BXT4.2	0.001	2	69	592	713
sp|P05919|VPU_HV1H2	Q8IRI6.4	0.001	29	76	1198	1272
sp|P05919|VPU_HV1H2	Q3Z398.2	0.001	5	69	74	133
sp|P05919|VPU_HV1H2	B8ZU13.1	0.001	15	81	80	142
sp|P05919|VPU_HV1H2	A6VX35.1	0.001	4	80	3	101
sp|P05919|VPU_HV1H2	Q57048.1	0.001	5	22	299	316
sp|P05919|VPU_HV1H2	A4T8J9.1	0.001	26	81	296	364
sp|P05919|VPU_HV1H2	B7VSC8.1	0.001	27	69	288	346
sp|P05919|VPU_HV1H2	P53810.2	0.001	24	80	1	52
sp|P05919|VPU_HV1H2	P16446.2	0.001	24	80	1	52
sp|P05919|VPU_HV1H2	Q59167.1	0.002	7	81	545	657
sp|P05919|VPU_HV1H2	Q162S7.1	0.002	18	68	266	344
sp|P05919|VPU_HV1H2	A7IFD4.1	0.002	31	81	607	639
sp|P05919|VPU_HV1H2	P27316.1	0.002	8	78	160	235
sp|P05919|VPU_HV1H2	I1TEM1.1	0.002	30	81	236	292
sp|P05919|VPU_HV1H2	P70193.2	0.002	2	78	784	910
sp|P05919|VPU_HV1H2	Q7SFN5.2	0.002	11	53	159	199
sp|P05919|VPU_HV1H2	P19695.1	0.002	19	60	432	483
sp|P05919|VPU_HV1H2	Q6MSR8.1	0.002	26	80	55	133
sp|P05919|VPU_HV1H2	Q9HJ69.1	0.002	33	81	151	196
sp|P05919|VPU_HV1H2	Q5WUW3.1	0.002	16	68	51	88
sp|P05919|VPU_HV1H2	Q5X3H2.1	0.002	16	68	52	89
sp|P05919|VPU_HV1H2	Q93QY7.1	0.002	8	30	494	513
sp|P05919|VPU_HV1H2	B1WQ09.1	0.002	23	81	109	180
sp|P05919|VPU_HV1H2	P84743.1	0.002	34	56	442	464
sp|P05919|VPU_HV1H2	Q0JA82.1	0.002	33	77	140	185
sp|P05919|VPU_HV1H2	O27190.1	0.002	10	79	248	328
sp|P05919|VPU_HV1H2	Q8K285.2	0.002	41	81	33	81
sp|P05919|VPU_HV1H2	Q836J0.1	0.002	2	75	90	232
sp|P05919|VPU_HV1H2	Q58007.1	0.002	1	40	114	152
sp|P05919|VPU_HV1H2	A4XVG1.1	0.002	1	65	17	91
sp|P05919|VPU_HV1H2	Q8YJ48.2	0.002	31	81	611	643
sp|P05919|VPU_HV1H2	C0RF62.1	0.002	31	81	611	643
sp|P05919|VPU_HV1H2	O64198.1	0.002	31	75	67	105
sp|P05919|VPU_HV1H2	Q1GUW1.2	0.002	28	79	383	458
sp|P05919|VPU_HV1H2	B3R0N4.1	0.002	1	78	363	462
sp|P05919|VPU_HV1H2	P70407.2	0.002	10	57	614	667
sp|P05919|VPU_HV1H2	C5CAR1.1	0.002	26	81	642	702
sp|P05919|VPU_HV1H2	Q6LST1.1	0.002	37	72	346	385
sp|P05919|VPU_HV1H2	Q5GIT4.2	0.002	9	81	772	820
sp|P05919|VPU_HV1H2	Q8RG14.1	0.002	22	68	353	418
sp|P05919|VPU_HV1H2	B1ZB59.1	0.002	31	81	608	640
sp|P05919|VPU_HV1H2	A5IDR5.1	0.002	16	68	52	89
sp|P05919|VPU_HV1H2	A4VS82.1	0.002	1	76	353	466
sp|P05919|VPU_HV1H2	Q89R17.1	0.002	20	71	228	276
sp|P05919|VPU_HV1H2	Q08501.1	0.002	8	79	235	343
sp|P05919|VPU_HV1H2	Q38IC7.1	0.002	4	58	240	322
sp|P05919|VPU_HV1H2	Q0TJ50.1	0.002	5	69	74	133
sp|P05919|VPU_HV1H2	Q5K0D1.1	0.002	11	58	3	55
sp|P05919|VPU_HV1H2	Q4UN76.1	0.002	6	63	363	418
sp|P05919|VPU_HV1H2	Q2SIN5.1	0.002	8	51	254	317
sp|P05919|VPU_HV1H2	Q54G05.1	0.002	26	65	572	598
sp|P05919|VPU_HV1H2	P15781.3	0.002	2	79	191	290
sp|P05919|VPU_HV1H2	P48052.3	0.002	3	81	69	136
sp|P05919|VPU_HV1H2	Q8FJ36.2	0.002	5	69	74	133
sp|P05919|VPU_HV1H2	A0A1B4XBH2.1	0.002	10	80	331	442
sp|P05919|VPU_HV1H2	Q6FTE0.1	0.002	32	68	22	72
sp|P05919|VPU_HV1H2	O45962.4	0.002	38	76	882	924
sp|P05919|VPU_HV1H2	Q5K0C5.1	0.002	11	58	3	55
sp|P05919|VPU_HV1H2	P20470.1	0.002	31	81	1000	1046
sp|P05919|VPU_HV1H2	P48449.1	0.002	20	79	295	351
sp|P05919|VPU_HV1H2	Q5LH44.1	0.002	27	78	13	77
sp|P05919|VPU_HV1H2	Q24238.3	0.002	26	73	304	378
sp|P05919|VPU_HV1H2	Q0BW82.1	0.002	33	67	295	336
sp|P05919|VPU_HV1H2	Q91FL2.1	0.002	7	79	4	78
sp|P05919|VPU_HV1H2	Q90374.1	0.002	3	63	431	501
sp|P05919|VPU_HV1H2	A5PHD6.2	0.002	28	74	1127	1204
sp|P05919|VPU_HV1H2	A5V3L0.1	0.002	21	79	200	247
sp|P05919|VPU_HV1H2	Q0RJJ1.2	0.002	8	71	62	119
sp|P05919|VPU_HV1H2	Q1ZZH0.1	0.002	31	74	373	422
sp|P05919|VPU_HV1H2	Q14833.1	0.002	31	74	373	422
sp|P05919|VPU_HV1H2	Q897W7.1	0.002	15	78	174	238
sp|P05919|VPU_HV1H2	Q2S2I3.1	0.002	34	61	78	113
sp|P05919|VPU_HV1H2	Q114T6.1	0.002	21	77	146	193
sp|P05919|VPU_HV1H2	P54623.3	0.002	27	70	642	676
sp|P05919|VPU_HV1H2	Q5K0C7.1	0.002	9	58	1	55
sp|P05919|VPU_HV1H2	A8FMX4.1	0.002	13	64	249	297
sp|P05919|VPU_HV1H2	Q1INI5.1	0.002	20	75	338	390
sp|P05919|VPU_HV1H2	Q7W7Q0.1	0.002	33	78	15	73
sp|P05919|VPU_HV1H2	Q5LC41.1	0.002	8	71	369	436
sp|P05919|VPU_HV1H2	Q64T26.1	0.002	8	71	369	436
sp|P05919|VPU_HV1H2	Q67NF6.1	0.002	23	79	94	169
sp|P05919|VPU_HV1H2	C9S688.1	0.002	8	80	528	618
sp|P05919|VPU_HV1H2	Q5GSW7.1	0.002	29	81	267	347
sp|P05919|VPU_HV1H2	Q93XW7.1	0.002	28	70	107	161
sp|P05919|VPU_HV1H2	A0A0K3AWM6.1	0.002	4	48	403	445
sp|P05919|VPU_HV1H2	Q5RJL6.1	0.002	24	72	222	266
sp|P05919|VPU_HV1H2	Q6FYL4.1	0.002	1	81	552	641
sp|P05919|VPU_HV1H2	P57509.1	0.002	43	81	129	172
sp|P05919|VPU_HV1H2	Q12XM4.1	0.002	45	78	166	199
sp|P05919|VPU_HV1H2	Q4PGG5.1	0.002	48	63	676	691
sp|P05919|VPU_HV1H2	Q7VV87.1	0.002	33	78	15	73
sp|P05919|VPU_HV1H2	A9MQC5.1	0.002	4	44	72	131
sp|P05919|VPU_HV1H2	Q9ZE97.1	0.002	6	81	363	465
sp|P05919|VPU_HV1H2	A6LF90.1	0.002	18	79	49	141
sp|P05919|VPU_HV1H2	B9JV43.1	0.002	31	81	609	641
sp|P05919|VPU_HV1H2	Q75UG5.1	0.003	9	81	6	84
sp|P05919|VPU_HV1H2	A8F0F4.1	0.003	6	63	363	418
sp|P05919|VPU_HV1H2	A4TSG5.1	0.003	2	71	78	160
sp|P05919|VPU_HV1H2	Q0TM83.1	0.003	3	78	95	197
sp|P05919|VPU_HV1H2	C0Q5I3.1	0.003	4	44	72	131
sp|P05919|VPU_HV1H2	A5IZG5.1	0.003	24	72	221	269
sp|P05919|VPU_HV1H2	Q65U21.2	0.003	5	72	145	216
sp|P05919|VPU_HV1H2	P00815.3	0.003	30	75	376	423
sp|P05919|VPU_HV1H2	O83602.1	0.003	1	46	351	399
sp|P05919|VPU_HV1H2	P34899.1	0.003	24	75	387	435
sp|P05919|VPU_HV1H2	B1XGC4.1	0.003	29	81	59	103
sp|P05919|VPU_HV1H2	Q94C74.2	0.003	24	74	386	435
sp|P05919|VPU_HV1H2	A0A0H2URB1.1	0.003	32	80	547	590
sp|P05919|VPU_HV1H2	Q55168.1	0.003	6	76	574	667
sp|P05919|VPU_HV1H2	Q9LMB9.2	0.003	6	56	270	321
sp|P05919|VPU_HV1H2	B7JUH4.1	0.003	26	74	441	484
sp|P05919|VPU_HV1H2	Q9HSC3.1	0.003	26	71	455	504
sp|P05919|VPU_HV1H2	T0D7A2.1	0.003	29	71	522	572
sp|P05919|VPU_HV1H2	A9WWT6.1	0.003	31	81	611	643
sp|P05919|VPU_HV1H2	C6DAX2.1	0.003	9	81	45	103
sp|P05919|VPU_HV1H2	Q0ANS4.1	0.003	36	81	257	331
sp|P05919|VPU_HV1H2	Q1GJX6.1	0.003	6	63	380	435
sp|P05919|VPU_HV1H2	Q84L08.1	0.003	5	64	263	333
sp|P05919|VPU_HV1H2	O97159.2	0.003	31	80	275	335
sp|P05919|VPU_HV1H2	Q9K9M9.1	0.003	20	76	71	120
sp|P05919|VPU_HV1H2	Q6FJ28.1	0.003	22	67	7	53
sp|P05919|VPU_HV1H2	O05272.3	0.003	22	73	7	43
sp|P05919|VPU_HV1H2	Q9TLS6.1	0.003	28	56	354	388
sp|P05919|VPU_HV1H2	Q5R4M7.1	0.003	25	71	10	80
sp|P05919|VPU_HV1H2	A9M849.1	0.003	31	81	611	643
sp|P05919|VPU_HV1H2	Q8LE52.1	0.003	48	80	157	220
sp|P05919|VPU_HV1H2	Q13RX1.1	0.003	36	78	15	72
sp|P05919|VPU_HV1H2	Q89607.1	0.003	6	79	672	751
sp|P05919|VPU_HV1H2	Q9PKA6.1	0.003	3	55	63	110
sp|P05919|VPU_HV1H2	A5VJH6.1	0.003	22	81	40	97
sp|P05919|VPU_HV1H2	A6WXV8.1	0.003	31	81	611	643
sp|P05919|VPU_HV1H2	Q8NF37.2	0.003	26	81	331	383
sp|P05919|VPU_HV1H2	A8LLT4.1	0.003	18	78	243	305
sp|P05919|VPU_HV1H2	Q0VKU7.1	0.003	6	81	400	502
sp|P05919|VPU_HV1H2	Q5QVP9.1	0.003	33	75	324	395
sp|P05919|VPU_HV1H2	Q4PIR3.3	0.003	1	65	184	249
sp|P05919|VPU_HV1H2	A8C756.1	0.003	17	70	1514	1581
sp|P05919|VPU_HV1H2	Q6UWM7.2	0.003	62	75	204	217
sp|P05919|VPU_HV1H2	Q9NWX5.1	0.004	25	71	10	80
sp|P05919|VPU_HV1H2	Q5WL39.1	0.004	44	81	5	53
sp|P05919|VPU_HV1H2	Q55434.1	0.004	32	72	774	840
sp|P05919|VPU_HV1H2	B2JP68.1	0.004	36	78	15	72
sp|P05919|VPU_HV1H2	Q1GI69.1	0.004	20	78	244	304
sp|P05919|VPU_HV1H2	B0SAR6.1	0.004	20	53	762	795
sp|P05919|VPU_HV1H2	Q974S1.1	0.004	19	74	267	315
sp|P05919|VPU_HV1H2	A8PJX4.2	0.004	20	60	120	154
sp|P05919|VPU_HV1H2	Q49ZU9.1	0.004	23	81	173	239
sp|P05919|VPU_HV1H2	Q23681.2	0.004	2	62	477	551
sp|P05919|VPU_HV1H2	Q48Q55.1	0.004	13	79	48	132
sp|P05919|VPU_HV1H2	Q2JHU3.1	0.004	10	62	458	519
sp|P05919|VPU_HV1H2	Q2JHU3.1	0.004	46	79	106	143
sp|P05919|VPU_HV1H2	Q9LM63.1	0.004	50	79	74	113
sp|P05919|VPU_HV1H2	P11933.1	0.004	5	74	16	83
sp|P05919|VPU_HV1H2	Q3Y8L7.1	0.004	1	52	30	83
sp|P05919|VPU_HV1H2	O84678.1	0.004	21	68	35	78
sp|P05919|VPU_HV1H2	Q9P430.1	0.004	44	79	45	94
sp|P05919|VPU_HV1H2	Q9W1M8.1	0.004	2	80	927	1000
sp|P05919|VPU_HV1H2	Q1LK34.1	0.004	30	78	16	73
sp|P05919|VPU_HV1H2	Q8WU90.1	0.004	10	80	242	344
sp|P05919|VPU_HV1H2	A9IVY8.1	0.004	19	79	199	248
sp|P05919|VPU_HV1H2	Q9HLE7.1	0.004	12	79	161	249
sp|P05919|VPU_HV1H2	Q6NHT3.1	0.004	10	48	33	69
sp|P05919|VPU_HV1H2	B1M0M1.1	0.004	31	81	608	640
sp|P05919|VPU_HV1H2	Q12XP4.1	0.004	3	71	70	127
sp|P05919|VPU_HV1H2	Q2SRJ6.1	0.004	26	80	55	133
sp|P05919|VPU_HV1H2	Q6D3B2.1	0.004	6	76	37	130
sp|P05919|VPU_HV1H2	Q7NG51.1	0.004	35	72	403	434
sp|P05919|VPU_HV1H2	O43193.1	0.005	8	67	338	412
sp|P05919|VPU_HV1H2	Q1RMM1.1	0.005	10	80	242	344
sp|P05919|VPU_HV1H2	Q6P1Y8.1	0.005	21	58	507	535
sp|P05919|VPU_HV1H2	Q9SF38.1	0.005	27	75	488	556
sp|P05919|VPU_HV1H2	Q0VML5.1	0.005	19	65	45	91
sp|P05919|VPU_HV1H2	Q6EVK6.1	0.005	47	60	1636	1649
sp|P05919|VPU_HV1H2	Q750F8.2	0.005	22	57	533	573
sp|P05919|VPU_HV1H2	A8F4B1.1	0.005	28	78	5	52
sp|P05919|VPU_HV1H2	P05690.5	0.005	38	76	786	826
sp|P05919|VPU_HV1H2	P37517.1	0.005	27	79	105	150
sp|P05919|VPU_HV1H2	Q2T7N5.1	0.005	36	78	15	72
sp|P05919|VPU_HV1H2	O30019.1	0.005	11	81	291	382
sp|P05919|VPU_HV1H2	Q8N146.1	0.005	17	52	273	311
sp|P05919|VPU_HV1H2	Q5LFT6.1	0.005	30	75	269	332
sp|P05919|VPU_HV1H2	Q31AV5.1	0.005	42	69	102	129
sp|P05919|VPU_HV1H2	F5HCD4.1	0.005	30	81	79	142
sp|P05919|VPU_HV1H2	C0LGG4.2	0.005	3	73	509	636
sp|P05919|VPU_HV1H2	O73753.1	0.005	21	80	91	162
sp|P05919|VPU_HV1H2	B1X0N5.1	0.005	28	68	230	281
sp|P05919|VPU_HV1H2	A9B5N7.1	0.005	38	73	120	159
sp|P05919|VPU_HV1H2	O61064.1	0.005	32	81	116	165
sp|P05919|VPU_HV1H2	A3P7W4.1	0.005	36	78	15	72
sp|P05919|VPU_HV1H2	Q6AP39.1	0.005	24	71	4	52
sp|P05919|VPU_HV1H2	B9DVE9.1	0.005	16	71	229	296
sp|P05919|VPU_HV1H2	B0S140.1	0.005	24	78	84	149
sp|P05919|VPU_HV1H2	Q3J8Q8.1	0.005	37	81	213	268
sp|P05919|VPU_HV1H2	Q5X4J9.1	0.005	27	71	9	54
sp|P05919|VPU_HV1H2	B8J008.1	0.005	32	66	655	706
sp|P05919|VPU_HV1H2	A0R611.1	0.005	7	29	160	183
sp|P05919|VPU_HV1H2	A3NMF6.1	0.005	36	78	15	72
sp|P05919|VPU_HV1H2	P50433.1	0.005	24	74	387	436
sp|P05919|VPU_HV1H2	Q3T075.1	0.005	9	76	55	124
sp|P05919|VPU_HV1H2	O88480.1	0.005	29	58	40	80
sp|P05919|VPU_HV1H2	Q9I526.1	0.005	4	70	195	274
sp|P05919|VPU_HV1H2	Q4V389.1	0.005	29	69	229	282
sp|P05919|VPU_HV1H2	P20949.1	0.005	20	71	316	365
sp|P05919|VPU_HV1H2	Q32JL0.1	0.005	29	72	59	97
sp|P05919|VPU_HV1H2	A6X0E9.1	0.006	19	79	199	248
sp|P05919|VPU_HV1H2	P64099.1	0.006	4	65	12	78
sp|P05919|VPU_HV1H2	D4DDJ7.1	0.006	18	59	111	162
sp|P05919|VPU_HV1H2	D4AVK1.1	0.006	18	59	111	162
sp|P05919|VPU_HV1H2	Q6ARD7.2	0.006	28	49	170	197
sp|P05919|VPU_HV1H2	A5ICK8.1	0.006	27	71	8	53
sp|P05919|VPU_HV1H2	Q59WV0.3	0.006	5	61	101	148
sp|P05919|VPU_HV1H2	A0AYZ0.1	0.006	36	78	27	84
sp|P05919|VPU_HV1H2	A9IYZ3.1	0.006	23	81	589	641
sp|P05919|VPU_HV1H2	Q6ZS81.3	0.006	47	78	11	46
sp|P05919|VPU_HV1H2	Q8D2Q4.1	0.006	41	70	36	65
sp|P05919|VPU_HV1H2	Q5ZTN5.1	0.006	16	63	52	86
sp|P05919|VPU_HV1H2	E9NA96.1	0.006	6	72	862	920
sp|P05919|VPU_HV1H2	Q5ZUT0.1	0.006	27	71	9	54
sp|P05919|VPU_HV1H2	P46093.2	0.006	22	77	194	257
sp|P05919|VPU_HV1H2	C3KE47.1	0.006	24	71	86	149
sp|P05919|VPU_HV1H2	Q07VK4.1	0.006	5	73	556	641
sp|P05919|VPU_HV1H2	Q5WVY9.1	0.006	27	71	9	54
sp|P05919|VPU_HV1H2	A6ZSP9.1	0.006	3	61	354	406
sp|P05919|VPU_HV1H2	P38703.1	0.006	3	61	354	406
sp|P05919|VPU_HV1H2	Q5LZF4.2	0.006	23	75	68	120
sp|P05919|VPU_HV1H2	Q03KB3.1	0.006	23	75	68	120
sp|P05919|VPU_HV1H2	Q5M406.2	0.006	23	75	68	120
sp|P05919|VPU_HV1H2	B1K3S9.1	0.006	36	78	15	72
sp|P05919|VPU_HV1H2	C4R8D7.1	0.006	6	32	314	347
sp|P05919|VPU_HV1H2	Q4WHG0.1	0.006	4	49	574	619
sp|P05919|VPU_HV1H2	Q768S4.1	0.006	32	76	67	136
sp|P05919|VPU_HV1H2	Q9SP62.1	0.006	60	81	92	121
sp|P05919|VPU_HV1H2	Q6CAW6.1	0.006	30	79	4	53
sp|P05919|VPU_HV1H2	Q9YHZ6.2	0.006	31	61	116	154
sp|P05919|VPU_HV1H2	G5EGJ9.1	0.006	2	74	895	959
sp|P05919|VPU_HV1H2	B4EN29.1	0.006	36	78	15	72
sp|P05919|VPU_HV1H2	A5D2W8.1	0.007	24	79	239	322
sp|P05919|VPU_HV1H2	B1LG24.1	0.007	4	44	72	131
sp|P05919|VPU_HV1H2	Q9YGY0.1	0.007	32	73	399	446
sp|P05919|VPU_HV1H2	Q37313.1	0.007	3	27	71	100
sp|P05919|VPU_HV1H2	Q9LQV2.1	0.007	29	48	305	324
sp|P05919|VPU_HV1H2	D0MVS1.1	0.007	9	57	516	566
sp|P05919|VPU_HV1H2	Q1J5X4.2	0.007	7	49	430	499
sp|P05919|VPU_HV1H2	P51327.1	0.007	13	55	560	607
sp|P05919|VPU_HV1H2	Q393P4.2	0.007	36	78	15	72
sp|P05919|VPU_HV1H2	Q9SZJ5.1	0.007	24	74	386	435
sp|P05919|VPU_HV1H2	B5ZVU9.1	0.007	1	75	186	242
sp|P05919|VPU_HV1H2	Q6CAD2.1	0.007	11	72	844	918
sp|P05919|VPU_HV1H2	C5CNB2.1	0.007	23	81	166	220
sp|P05919|VPU_HV1H2	Q9YBK6.2	0.007	28	81	309	363
sp|P05919|VPU_HV1H2	E5QZZ6.1	0.007	33	81	425	483
sp|P05919|VPU_HV1H2	A3CMF2.1	0.007	26	61	19	71
sp|P05919|VPU_HV1H2	B1I4R5.1	0.007	1	71	86	163
sp|P05919|VPU_HV1H2	Q2LCR1.1	0.007	3	27	77	106
sp|P05919|VPU_HV1H2	Q70LM3.1	0.007	38	77	161	215
sp|P05919|VPU_HV1H2	A8GUC7.1	0.007	6	81	361	463
sp|P05919|VPU_HV1H2	Q9CCL1.1	0.007	3	79	171	261
sp|P05919|VPU_HV1H2	B1Z1G2.1	0.007	36	78	15	72
sp|P05919|VPU_HV1H2	Q0BAL8.1	0.007	36	78	27	84
sp|P05919|VPU_HV1H2	O54880.1	0.007	32	76	67	136
sp|P05919|VPU_HV1H2	B3QZG1.1	0.007	6	66	527	584
sp|P05919|VPU_HV1H2	Q9VNA8.1	0.008	30	75	299	344
sp|P05919|VPU_HV1H2	P49357.1	0.008	24	75	387	435
sp|P05919|VPU_HV1H2	Q1GK98.1	0.008	26	79	167	227
sp|P05919|VPU_HV1H2	Q83HN0.2	0.008	23	81	214	263
sp|P05919|VPU_HV1H2	Q8EQR7.1	0.008	5	80	4	75
sp|P05919|VPU_HV1H2	Q1QV15.1	0.008	34	75	268	311
sp|P05919|VPU_HV1H2	Q96K78.2	0.008	5	36	12	38
sp|P05919|VPU_HV1H2	A6W1C3.1	0.008	29	78	331	375
sp|P05919|VPU_HV1H2	Q96PY6.2	0.008	47	81	456	503
sp|P05919|VPU_HV1H2	Q6NQI8.2	0.008	1	59	249	303
sp|P05919|VPU_HV1H2	D3ZJP6.1	0.008	28	65	939	975
sp|P05919|VPU_HV1H2	B8H1E8.1	0.008	2	48	548	606
sp|P05919|VPU_HV1H2	Q5SLP9.1	0.008	27	52	82	118
sp|P05919|VPU_HV1H2	Q7UM31.2	0.008	31	81	303	341
sp|P05919|VPU_HV1H2	B0KUT6.1	0.008	12	53	42	93
sp|P05919|VPU_HV1H2	Q8C779.1	0.008	23	50	338	365
sp|P05919|VPU_HV1H2	A8GPZ6.1	0.008	18	78	264	342
sp|P05919|VPU_HV1H2	Q8I615.1	0.008	15	68	1056	1109
sp|P05919|VPU_HV1H2	B2J913.1	0.008	1	72	173	255
sp|P05919|VPU_HV1H2	P23842.2	0.008	52	76	406	441
sp|P05919|VPU_HV1H2	B2GV47.1	0.008	1	50	312	365
sp|P05919|VPU_HV1H2	B3QVE8.1	0.008	21	78	425	477
sp|P05919|VPU_HV1H2	A1JNH2.1	0.008	6	74	101	171
sp|P05919|VPU_HV1H2	A0JXT9.1	0.008	28	75	219	263
sp|P05919|VPU_HV1H2	Q54F54.1	0.008	9	51	900	972
sp|P05919|VPU_HV1H2	Q8NGF9.1	0.009	1	48	252	303
sp|P05919|VPU_HV1H2	Q32L65.1	0.009	8	75	178	230
sp|P05919|VPU_HV1H2	O94735.2	0.009	44	65	39	63
sp|P05919|VPU_HV1H2	O13283.1	0.009	44	79	46	95
sp|P05919|VPU_HV1H2	Q3A4F1.1	0.009	41	74	655	690
sp|P05919|VPU_HV1H2	Q6GZV3.1	0.009	30	77	460	501
sp|P05919|VPU_HV1H2	Q84356.1	0.009	34	58	97	118
sp|P05919|VPU_HV1H2	A6NL08.1	0.009	8	37	195	233
sp|P05919|VPU_HV1H2	F6RIX4.1	0.009	28	74	628	684
sp|P05919|VPU_HV1H2	Q67WJ2.1	0.009	34	69	636	672
sp|P05919|VPU_HV1H2	C8VBH3.1	0.009	4	76	575	644
sp|P05919|VPU_HV1H2	A5IXW3.1	0.009	28	59	432	460
sp|P05919|VPU_HV1H2	C8ZZN2.1	0.009	27	78	263	312
sp|P05919|VPU_HV1H2	Q6G1W0.1	0.009	23	81	589	641
sp|P05919|VPU_HV1H2	Q91XU7.1	0.009	2	56	699	778
sp|P05919|VPU_HV1H2	Q08357.1	0.009	3	75	210	307
sp|P05919|VPU_HV1H2	P87039.1	0.009	44	79	46	95
sp|P05919|VPU_HV1H2	P49675.2	0.009	21	67	108	161
sp|P05919|VPU_HV1H2	Q8N392.3	0.009	35	58	334	362
sp|P05919|VPU_HV1H2	Q1JL33.1	0.009	7	49	430	499
sp|P05919|VPU_HV1H2	Q48SQ3.1	0.009	7	49	430	499
sp|P05919|VPU_HV1H2	A5CXV6.2	0.009	11	63	32	81
sp|P05919|VPU_HV1H2	Q1PS23.2	0.009	33	56	243	263
sp|P05919|VPU_HV1H2	P0DB56.1	0.009	7	49	430	499
sp|P05919|VPU_HV1H2	A4XS60.1	0.009	3	67	125	177
sp|P05919|VPU_HV1H2	Q9FMA5.1	0.009	4	56	189	244
sp|P05919|VPU_HV1H2	Q9C9I6.1	0.009	23	70	169	243
sp|P05919|VPU_HV1H2	P22675.2	0.009	25	81	124	192
sp|P05919|VPU_HV1H2	O93956.2	0.009	11	65	157	213
sp|P05919|VPU_HV1H2	Q6L125.2	0.009	32	81	151	196
sp|P05919|VPU_HV1H2	Q9P2M7.2	0.010	30	52	824	859
sp|P05919|VPU_HV1H2	Q1JQB3.1	0.010	22	46	194	230
sp|P05919|VPU_HV1H2	B5XM58.1	0.010	7	49	430	499
sp|P05919|VPU_HV1H2	Q99Z39.1	0.010	7	49	430	499
sp|P05919|VPU_HV1H2	B3H6Z8.1	0.010	39	66	951	977
sp|P05919|VPU_HV1H2	Q3TIV5.2	0.010	10	80	242	344
sp|P05919|VPU_HV1H2	Q2L004.1	0.010	1	76	5	77
sp|P05919|VPU_HV1H2	Q5EA97.1	0.010	1	76	140	214
sp|P05919|VPU_HV1H2	Q9LS72.1	0.010	19	71	280	334
sp|P05919|VPU_HV1H2	Q9D2L6.2	0.010	6	32	415	445
sp|P05919|VPU_HV1H2	B7KGH1.1	0.010	13	39	71	94
sp|P05919|VPU_HV1H2	Q8GW48.1	0.010	13	75	13	71
