P04620	GO:0003700;GO:0030430;GO:0016032;GO:0044196;GO:0003723;GO:0051028
P04325	GO:0003700;GO:0030430;GO:0016032;GO:0044196;GO:0003723;GO:0051028
P04616	GO:0003700;GO:0030430;GO:0016032;GO:0044196;GO:0003723;GO:0051028
P69718	GO:0003700;GO:0030430;GO:0016032;GO:0044196;GO:0003723;GO:0051028
Q70624	GO:0003700;GO:0030430;GO:0016032;GO:0044196;GO:0003723;GO:0051028
P05865	GO:0003700;GO:0030430;GO:0016032;GO:0044196;GO:0003723;GO:0051028
P20869	GO:0003700;GO:0030430;GO:0016032;GO:0044196;GO:0003723;GO:0051028
P05872	GO:0003700;GO:0030430;GO:0016032;GO:0044196;GO:0003723;GO:0051028
P04623	GO:0003700;GO:0030430;GO:0016032;GO:0044196;GO:0003723;GO:0051028
P04619	GO:0003700;GO:0030430;GO:0016032;GO:0044196;GO:0003723;GO:0051028
P20887	GO:0003700;GO:0030430;GO:0016032;GO:0044196;GO:0003723;GO:0051028
P19547	GO:0003700;GO:0030430;GO:0016032;GO:0044196;GO:0003723;GO:0051028
P05864	GO:0003700;GO:0030430;GO:0016032;GO:0044196;GO:0003723;GO:0051028
P12483	GO:0003700;GO:0030430;GO:0016032;GO:0044196;GO:0003723;GO:0051028
P05871	GO:0003700;GO:0030430;GO:0016032;GO:0044196;GO:0003723;GO:0051028
P35960	GO:0003700;GO:0030430;GO:0016032;GO:0044196;GO:0003723;GO:0051028
P04622	GO:0003700;GO:0030430;GO:0016032;GO:0044196;GO:0003723;GO:0051028
P04621	GO:0003700;GO:0030430;GO:0016032;GO:0044196;GO:0003723;GO:0051028
P18803	GO:0003700;GO:0030430;GO:0016032;GO:0044196;GO:0003723;GO:0051028
P19548	GO:0003700;GO:0030430;GO:0016032;GO:0044196;GO:0003723;GO:0051028
P12485	GO:0003700;GO:0030430;GO:0016032;GO:0044196;GO:0003723;GO:0051028
P05870	GO:0003700;GO:0030430;GO:0016032;GO:0044196;GO:0003723;GO:0051028
O41802	GO:0003700;GO:0030430;GO:0016032;GO:0044196;GO:0003723;GO:0051028
Q9Q716	GO:0003700;GO:0030430;GO:0016032;GO:0044196;GO:0003723;GO:0051028
P0C1L2	GO:0003700;GO:0030430;GO:0016032;GO:0044196;GO:0003723;GO:0051028
P12484	GO:0003700;GO:0030430;GO:0016032;GO:0044196;GO:0003723;GO:0051028
Q9WC58	GO:0003700;GO:0030430;GO:0016032;GO:0044196;GO:0003723;GO:0051028
Q73371	GO:0003700;GO:0030430;GO:0016032;GO:0044196;GO:0003723;GO:0051028
P0C1L6	GO:0003700;GO:0030430;GO:0016032;GO:0044196;GO:0003723;GO:0051028
Q9WC67	GO:0003700;GO:0030430;GO:0016032;GO:0044196;GO:0003723;GO:0051028
P24739	GO:0003700;GO:0030430;GO:0016032;GO:0044196;GO:0003723;GO:0051028
O70890	GO:0003700;GO:0030430;GO:0016032;GO:0044196;GO:0003723;GO:0051028
Q75006	GO:0003700;GO:0030430;GO:0016032;GO:0044196;GO:0003723;GO:0051028
Q9QSQ9	GO:0003700;GO:0030430;GO:0016032;GO:0044196;GO:0003723;GO:0051028
P0C1L1	GO:0003700;GO:0030430;GO:0016032;GO:0044196;GO:0003723;GO:0051028
O70900	GO:0003700;GO:0030430;GO:0016032;GO:0044196;GO:0003723;GO:0051028
P05866	GO:0003700;GO:0030430;GO:0016032;GO:0044196;GO:0003723;GO:0051028
P0C1L7	GO:0003700;GO:0030430;GO:0016032;GO:0044196;GO:0003723;GO:0051028
P05869	GO:0003700;GO:0030430;GO:0016032;GO:0044196;GO:0003723;GO:0051028
P0C1L5	GO:0003700;GO:0030430;GO:0016032;GO:0044196;GO:0003723;GO:0051028
O12162	GO:0003700;GO:0030430;GO:0016032;GO:0044196;GO:0003723;GO:0051028
Q1A263	GO:0003700;GO:0030430;GO:0016032;GO:0044196;GO:0003723;GO:0051028
O91084	GO:0003700;GO:0030430;GO:0016032;GO:0044196;GO:0003723;GO:0051028
Q9IDV4	GO:0003700;GO:0030430;GO:0016032;GO:0044196;GO:0003723;GO:0051028
P05867	GO:0003700;GO:0030430;GO:0016032;GO:0044196;GO:0003723;GO:0051028
Q1A245	GO:0003700;GO:0030430;GO:0016032;GO:0044196;GO:0003723;GO:0051028
P05868	GO:0003700;GO:0030430;GO:0016032;GO:0044196;GO:0003723;GO:0051028
P17280	GO:0003700;GO:0030430;GO:0016032;GO:0044196;GO:0003723;GO:0051028
P0C1L3	GO:0003700;GO:0030430;GO:0016032;GO:0044196;GO:0003723;GO:0051028
Q8AIH7	GO:0003700;GO:0030430;GO:0044196;GO:0003723;GO:0051028
P0C1L4	GO:0003700;GO:0030430;GO:0016032;GO:0044196;GO:0003723;GO:0051028
P27971	GO:0003700;GO:0030430;GO:0044196;GO:0003723;GO:0051028
Q5F3F5	GO:0071875;GO:0005886;GO:0016020;GO:0016021
P15830	GO:0003700;GO:0030430;GO:0044196;GO:0003723;GO:0051028
B1ABS0	GO:0000082;GO:0006351;GO:0006357;GO:0005634;GO:0051726
Q49HI0	GO:0003842;GO:0050909;GO:0004930;GO:0005886;GO:0016021
Q74125	GO:0003700;GO:0030430;GO:0044196;GO:0003723;GO:0051028
Q74232	GO:0003700;GO:0030430;GO:0044196;GO:0003723;GO:0051028
A9WQ84	GO:0006526;GO:0046983;GO:0005737;GO:0003942;GO:0051287
A4IG53	GO:0005576;GO:0008171;GO:0016206;GO:0042135;GO:0032259;GO:0102084;GO:0042424;GO:0032502;GO:0102938;GO:0000287;GO:0042417
B1ABR6	GO:0000082;GO:0006351;GO:0006357;GO:0005634;GO:0051726
A3QP07	GO:0050909;GO:0005886;GO:0004930;GO:0016021
A3QP01	GO:0038023;GO:1903767;GO:0004930;GO:0050916;GO:0001582;GO:0005887
A3QNZ9	GO:0003842;GO:0050909;GO:0004930;GO:0005886;GO:0016021
A3QNZ8	GO:0038023;GO:1903767;GO:0004930;GO:0050916;GO:0001582;GO:0005887
Q8TE23	GO:0038023;GO:1903767;GO:0004930;GO:0032467;GO:0050916;GO:0005886;GO:0001582;GO:0016021;GO:0043235;GO:0008527;GO:0033041;GO:0005887;GO:0007186
B4GBA9	GO:0005634;GO:0051308;GO:0030849;GO:0046872
Q9VU41	GO:0046872;GO:0035082;GO:0036159;GO:0007605;GO:0036158;GO:0005737;GO:0043025;GO:0034451;GO:0005929;GO:0044458;GO:0019230;GO:0030317
Q94CA0	GO:0016021;GO:0007033;GO:0098876;GO:0009705;GO:1900458
P15181	GO:0005759;GO:0004823;GO:0005739;GO:0006429;GO:0002161;GO:0005524;GO:0032543
Q75JP7	GO:0030246;GO:0043157
Q5QVP3	GO:0016773;GO:0097175;GO:0006040;GO:0016301;GO:0005524;GO:0009254;GO:0005975
Q6J1Z6	GO:0051213;GO:0008198;GO:0019439
A2C6T1	GO:0003677;GO:0006351;GO:0008270;GO:0003899
A1R585	GO:0006526;GO:0046983;GO:0005737;GO:0003942;GO:0051287
Q5XJ13	GO:0005737;GO:0005929;GO:0048793
A0A0D3MU50	GO:1904143;GO:0009507;GO:0031969;GO:0016021
Q6AH61	GO:0004828;GO:0016260;GO:0097056;GO:0006434;GO:0005737;GO:0005524
Q13VD7	GO:0016887;GO:0005886;GO:0005524;GO:0015424;GO:0015821
A0A0D3MU35	GO:0009507;GO:0031969;GO:0016021
Q4R559	GO:0005759;GO:0009058;GO:0006103;GO:0005739;GO:0030170;GO:0004069;GO:0006531;GO:0005886;GO:0006533;GO:0006536;GO:0045471;GO:0016212;GO:0015908
O42384	GO:0004993;GO:0008283;GO:0007210;GO:0050795;GO:0007198;GO:0046883;GO:0007610;GO:0005887;GO:0042310
Q9UXX9	GO:0051539;GO:0061712;GO:0035598;GO:0046872
A3QP00	GO:0050909;GO:0005886;GO:0004930;GO:0016021
O81283	GO:0003924;GO:0046872;GO:0045036;GO:0043024;GO:0004930;GO:0061927;GO:0004888;GO:0009536;GO:0009707;GO:0045037;GO:0051087;GO:0016021;GO:0005525;GO:0005829;GO:0009507;GO:0009941
Q3V089	GO:0003723;GO:0005737;GO:0042803;GO:0045171
Q7V608	GO:0004828;GO:0016260;GO:0097056;GO:0006434;GO:0005737;GO:0005524
Q68DH5	GO:0071875;GO:0005886;GO:0016020;GO:0016021
P05873	GO:0003700;GO:0030430;GO:0044196;GO:0003723;GO:0051028
Q9PK02	
O59545	GO:0051539;GO:0061712;GO:0035598;GO:0046872
Q5REB0	GO:0005759;GO:0009058;GO:0006103;GO:0005739;GO:0030170;GO:0004069;GO:0006531;GO:0005886;GO:0006533;GO:0006536;GO:0045471;GO:0016212;GO:0015908
Q6CP50	GO:0005730;GO:0002128;GO:0005737;GO:0106050;GO:0046872
Q6DHN0	GO:0016021
A0JV20	GO:0006526;GO:0046983;GO:0005737;GO:0003942;GO:0051287
P70407	GO:0042802;GO:0005509;GO:0099055;GO:0000902;GO:0098978;GO:0098641;GO:0099560;GO:0007156;GO:0007275;GO:0016339;GO:0045296;GO:0098686;GO:0030424;GO:0034332;GO:0005912;GO:0099056;GO:0030425;GO:0007416;GO:0016342;GO:0098742;GO:0007043
B8HGC3	GO:0006526;GO:0046983;GO:0005737;GO:0003942;GO:0051287
Q55D12	GO:0005759;GO:0006427;GO:0004821;GO:0005524
Q9FW70	GO:0005871;GO:0003777;GO:0008017;GO:0005874;GO:0016887;GO:0005524;GO:0046872;GO:0007018;GO:0009507
A4FU28	GO:0005789;GO:0009306;GO:0070971;GO:0016021;GO:0006888;GO:0035459
Q6AGD3	GO:0006526;GO:0046983;GO:0005737;GO:0003942;GO:0051287
Q91FR3	GO:0016021
Q9ULW8	GO:0042802;GO:0004668;GO:0005509;GO:0036414;GO:0018101;GO:0005634;GO:0005737;GO:0005829;GO:0006325
P00505	GO:0042802;GO:0006107;GO:0005739;GO:0030170;GO:0019470;GO:0006536;GO:0016597;GO:0003723;GO:0006532;GO:0019899;GO:0030315;GO:0006103;GO:0004069;GO:0009986;GO:0005886;GO:0019551;GO:0043204;GO:0005759;GO:0070062;GO:0007565;GO:0043278;GO:0046487;GO:0019550;GO:0007595;GO:0006533;GO:0014850;GO:0008652;GO:0045471;GO:0005543;GO:0005743;GO:0032868;GO:0006531;GO:0006094;GO:0032991;GO:0016212;GO:0015908
P08411	GO:0039694;GO:0039502;GO:0042025;GO:0039523;GO:0005525;GO:0003723;GO:0044162;GO:0016020;GO:0005524;GO:0006370;GO:0044176;GO:0003724;GO:0003968;GO:0008234;GO:0020002;GO:0006351;GO:0004651;GO:0039563;GO:0008174;GO:0046872;GO:0004652
O33477	GO:0051213;GO:0008198;GO:0019439
Q76631	GO:0003700;GO:0030430;GO:0044196;GO:0003723;GO:0051028
Q6A028	GO:1902309;GO:0005634;GO:0051017;GO:0033633;GO:0060754;GO:0003677;GO:0016444;GO:0005737;GO:0005886;GO:0008064;GO:0030027;GO:0005524;GO:0030835;GO:0032233;GO:0015629;GO:0007204;GO:0032880;GO:0045190
P33183	GO:0030598;GO:0030246;GO:0090729;GO:0006952;GO:0017148
O80980	
Q2YDF2	GO:0019827;GO:0060261;GO:0016592;GO:0003713;GO:0003712;GO:0046966;GO:0045893
O65476	GO:0042742;GO:0004674;GO:0005886;GO:0005524;GO:0016021;GO:0006468
P21964	GO:0051930;GO:0045211;GO:0032496;GO:0032259;GO:0007612;GO:0043627;GO:0030424;GO:0008210;GO:0008171;GO:0044297;GO:0048662;GO:0035814;GO:0048265;GO:0045963;GO:0005886;GO:0016020;GO:0030425;GO:0032502;GO:0016036;GO:0016021;GO:0005829;GO:0043231;GO:0043197;GO:0007614;GO:0070062;GO:0016206;GO:0007565;GO:0102084;GO:0042424;GO:0014070;GO:0050668;GO:0008168;GO:0048609;GO:0042135;GO:0042420;GO:0042493;GO:0102938;GO:0000287;GO:0042417
Q8TF40	GO:0005765;GO:0005085;GO:0001932;GO:0042030;GO:2000973;GO:0033138;GO:0032007;GO:0032008;GO:0002904;GO:0031334;GO:0009267;GO:0002327;GO:0000122;GO:0001934;GO:0005737;GO:0031929;GO:0043154;GO:0051087;GO:0005829;GO:0019899
Q9KTJ6	GO:0006865;GO:0048473;GO:0042626;GO:0005886;GO:0016021
Q27YE1	GO:0019012;GO:0030430;GO:0016787;GO:0039689;GO:0075526;GO:0000166;GO:0039696;GO:0003968
P24104	GO:0003700;GO:0030430;GO:0044196;GO:0003723;GO:0051028
Q9SJU0	GO:0005871;GO:0003777;GO:0008017;GO:0005874;GO:0016887;GO:0005524;GO:0046872;GO:0007018;GO:0009507
B9K846	GO:0003746;GO:0005737
A4VHV6	GO:0006206;GO:0009032;GO:0006213;GO:0004645
P58966	GO:0003852;GO:0016747;GO:0009097;GO:0009098;GO:0043714
Q86X52	GO:0008376;GO:0005576;GO:0046872;GO:0030206;GO:0051923;GO:0060349;GO:0045880;GO:0000139;GO:0009954;GO:0016020;GO:0031667;GO:0047238;GO:0050510;GO:0016021;GO:0030279;GO:0002063;GO:0032580
O15050	
B0RRW2	GO:0051539;GO:0006400;GO:0035596;GO:0005737;GO:0046872
Q28085	GO:0006957;GO:0005576
P05990	GO:0006807;GO:0046872;GO:0004151;GO:0005737;GO:0070406;GO:0006228;GO:0004070;GO:0005524;GO:0044205;GO:0006541;GO:0005829;GO:0019240;GO:0006207;GO:0004088
P04615	GO:0003700;GO:0030430;GO:0044196;GO:0003723;GO:0051028
O27428	GO:0006428;GO:0004822;GO:0002161;GO:0000049;GO:0005737;GO:0005524;GO:0008270
Q68FD7	GO:0005765;GO:0005085;GO:0001932;GO:0042030;GO:2000973;GO:0033138;GO:0032007;GO:0032008;GO:0002904;GO:0031334;GO:0009267;GO:0002327;GO:0000122;GO:0001934;GO:0005737;GO:0031929;GO:0043154;GO:0051087;GO:0005829;GO:0019899
B7JF51	GO:0006089
Q8ET99	GO:0006428;GO:0004822;GO:0002161;GO:0000049;GO:0005737;GO:0005524;GO:0008270
C3LCL5	GO:0006089
Q0BH79	GO:0016887;GO:0005886;GO:0005524;GO:0015424;GO:0015821
P18921	GO:0042025;GO:0030430;GO:0006260;GO:0016888;GO:0003677;GO:0039645;GO:0046872;GO:0005198
Q04410	GO:0005801;GO:0000139;GO:0009306;GO:0044877;GO:0005737;GO:0007030;GO:0005794;GO:0031090;GO:0005829;GO:0006888
A8GQ03	GO:0051539;GO:0006400;GO:0035596;GO:0005737;GO:0046872
Q09349	GO:0032436;GO:0016567;GO:0005634;GO:0030433;GO:0005730;GO:0031965;GO:0005737;GO:0051087;GO:0000209;GO:0008340;GO:0034450;GO:0031625;GO:0000151;GO:0051865
Q9DUT0	GO:0003723;GO:0019013;GO:0039617
B2GCB8	GO:0051539;GO:0003861;GO:0009098;GO:0046872
P26890	GO:0005152;GO:2000660;GO:0006955;GO:0006954;GO:0005125;GO:0005615;GO:0005149
P22734	GO:0051930;GO:0045211;GO:0032496;GO:0032259;GO:0007612;GO:0043627;GO:0030424;GO:0008210;GO:0046498;GO:0008171;GO:0044297;GO:0048662;GO:0009712;GO:0035814;GO:0045963;GO:0048265;GO:0016020;GO:0030425;GO:0032502;GO:0016036;GO:0016021;GO:0005829;GO:0043231;GO:0046500;GO:0043197;GO:0007614;GO:0016206;GO:0007565;GO:0102084;GO:0042424;GO:0014070;GO:0050668;GO:0048609;GO:0042135;GO:0042420;GO:0042493;GO:0102938;GO:0000287;GO:0042417
Q46087	GO:0003677;GO:0015074;GO:0006310;GO:0032196
Q7V5P3	GO:0003677;GO:0006351;GO:0008270;GO:0003899
P28769	GO:0006457;GO:0051082;GO:0005832;GO:0005524;GO:0005829
A5DLF4	GO:0042802;GO:0034511;GO:0032040;GO:0005730;GO:0034512;GO:0003724;GO:0006364;GO:0005524;GO:0008186
P65092	GO:0000502;GO:0061136
Q9ULB4	GO:0005509;GO:0034332;GO:0099055;GO:0000902;GO:0098609;GO:0005912;GO:0099056;GO:0099560;GO:0007156;GO:0005886;GO:0007275;GO:0007416;GO:0016339;GO:0016342;GO:0098742;GO:0045296;GO:0007043
Q9ZW02	GO:0003729;GO:0010608;GO:0006417;GO:0005737;GO:0005886
Q61606	GO:0010628;GO:0009755;GO:0017046;GO:0005768;GO:0042594;GO:0070873;GO:0004967;GO:0006887;GO:0007189;GO:0007188;GO:0009267;GO:0005886;GO:0008528;GO:0071377;GO:0007166;GO:0005887;GO:0042593;GO:0007186
Q9CQI9	GO:0016567;GO:0005634;GO:0019827;GO:0060261;GO:0016592;GO:0061630;GO:0005654;GO:0003713;GO:0003712;GO:0046966;GO:0000151;GO:0045893
Q02839	GO:0003700;GO:0030430;GO:0044196;GO:0003723;GO:0051028
P42840	GO:0008474;GO:0005739;GO:0016020;GO:0031966;GO:0016021;GO:0000324
Q2SY12	GO:0016887;GO:0005886;GO:0005524;GO:0015424;GO:0015821
P0CG41	GO:0005789;GO:0009306;GO:0070971;GO:0016021;GO:0006888;GO:0035459
Q8IX94	GO:0005789;GO:0009306;GO:0070971;GO:0016021;GO:0006888;GO:0035459
F4JT98	GO:0009908;GO:0045892;GO:0005634;GO:0005667;GO:0000122;GO:0030154;GO:0001102;GO:0045944
A7EYY7	GO:0005802;GO:0006915;GO:0016021;GO:0004185
F4JJR8	GO:0010073;GO:2000024;GO:0016491;GO:0005783
A2C798	GO:0004828;GO:0016260;GO:0097056;GO:0006434;GO:0005737;GO:0005524
C4K794	GO:0015935;GO:0003735;GO:0019843;GO:0006412
A1AQT1	GO:0030170;GO:0008710;GO:0009102
Q85FG7	GO:0015031;GO:0009706;GO:0016021
Q0D1P2	GO:0004497;GO:0071949
Q88V41	GO:0006082;GO:0008776;GO:0005737;GO:0005524;GO:0000287;GO:0006085
O30408	GO:0016874;GO:0017000;GO:0005524;GO:0031177;GO:0047462
Q9ZW07	GO:0006417;GO:0005737;GO:0010608;GO:0003729
Q91ZF2	GO:0005576;GO:0005768;GO:0006508;GO:0007049;GO:0006955;GO:0005634;GO:0008233;GO:0051301;GO:0005764;GO:0051603;GO:0004197;GO:0005794;GO:0005615;GO:0060707;GO:0048471;GO:0045930
Q07DX5	GO:0060081;GO:1902476;GO:0005634;GO:0005254;GO:1904322;GO:0034707;GO:0071320;GO:0016853;GO:0005886;GO:0055038;GO:0005260;GO:0005524;GO:0016021;GO:0051454;GO:0005887;GO:0015106;GO:0005789;GO:0016887;GO:0031901;GO:0042626;GO:0048240;GO:0015701;GO:0005769;GO:0016324;GO:0015108;GO:0050891;GO:0034976;GO:0019869;GO:0035377
B3PHH8	
P42781	GO:0030173;GO:0005802;GO:0016485;GO:0016020;GO:0004252
B3PDE5	GO:2000884;GO:0005576;GO:0046555;GO:0045493;GO:0016798
Q91WE6	GO:0051539;GO:0046872;GO:0035598;GO:0005789;GO:0005791;GO:0035596;GO:0061712;GO:0035600;GO:0005783;GO:0016021;GO:1990145
Q945S5	GO:0048364;GO:0070588;GO:0015369;GO:0006874;GO:0009733;GO:0015368;GO:0009705;GO:0016021
Q39IE7	GO:0016887;GO:0005886;GO:0005524;GO:0015424;GO:0015821
B0RI49	GO:0005737;GO:0071424;GO:0070475
B8DG34	GO:0008033;GO:0052381;GO:0005524
G7L218	GO:0051539;GO:0042545;GO:0005886;GO:0016021;GO:0007043
A7EK16	GO:0007015;GO:0031982;GO:0042995;GO:0051286;GO:0098858;GO:0030898;GO:0030050;GO:0000146;GO:0030479;GO:0005737;GO:0005886;GO:0005524;GO:0051015;GO:0005902;GO:0015629;GO:0006897;GO:0016459
Q8NNF6	GO:0006096;GO:0004739
Q00125	
G9N4A5	GO:0016491
Q8H1U5	GO:0006511;GO:0016567;GO:0005680;GO:0005819;GO:0051301;GO:0007049;GO:0005634;GO:0009561;GO:0031625
C3LLS7	GO:0004126;GO:0008270
A5F1V7	GO:0004126;GO:0008270
Q0RRP4	GO:0015935;GO:0003735;GO:0019843;GO:0006412
Q638X2	GO:0006089
C1EKT5	GO:0006089
P31627	GO:0020002;GO:0055036;GO:0019031;GO:0016021;GO:0046718;GO:0019062
Q86Y07	GO:0018105;GO:0019904;GO:0005634;GO:0005789;GO:0016032;GO:0019901;GO:0016021;GO:0005737;GO:0034599;GO:0032991;GO:0046777;GO:0005635;GO:0005524;GO:0005783;GO:0031966;GO:0004674;GO:0006468;GO:2000659;GO:0043408
Q9KBE5	GO:0019556;GO:0005737;GO:0016153;GO:0019557
B9IRL0	GO:0006089
Q2JFE9	GO:0015935;GO:0003735;GO:0019843;GO:0006412
Q99PR0	GO:0035269;GO:0005789;GO:0000030;GO:0030198;GO:1904100;GO:0016021;GO:0001669;GO:0016529;GO:0004169
P31626	GO:0020002;GO:0055036;GO:0019031;GO:0016021;GO:0046718;GO:0019062
P70414	GO:0044325;GO:0045211;GO:0001892;GO:0042995;GO:0005739;GO:0034614;GO:0005516;GO:0006883;GO:0035050;GO:0086038;GO:0086064;GO:0055074;GO:0005654;GO:0043198;GO:0036376;GO:0014829;GO:0030018;GO:0060402;GO:0071320;GO:0030424;GO:0008092;GO:0045202;GO:0071313;GO:0001666;GO:0006874;GO:0030315;GO:0030001;GO:0031226;GO:0002026;GO:0051481;GO:0086036;GO:0002028;GO:0043025;GO:0035725;GO:0005886;GO:0016020;GO:0030425;GO:0071901;GO:0016021;GO:0015491;GO:0030501;GO:0005887;GO:0035994;GO:0043197;GO:0005509;GO:0070588;GO:0099055;GO:0098719;GO:0006816;GO:0071944;GO:1905060;GO:0006814;GO:0044557;GO:0014704;GO:1901660;GO:0051924;GO:0014069;GO:0016323;GO:0042383;GO:0099580;GO:0070509;GO:0002027;GO:0048747;GO:0010763;GO:0030506;GO:0005874;GO:0043679;GO:0060048;GO:0003007;GO:0005432;GO:0055013;GO:0010881;GO:0098794;GO:0033198;GO:0009791;GO:0007204;GO:0098703;GO:0098735;GO:0010468
Q8EQU6	GO:0008408;GO:0003677;GO:0003887;GO:0005737;GO:0006261
A5VUG1	GO:0051539;GO:0051537;GO:0004076;GO:0005506;GO:0009102
Q9UH65	GO:1902309;GO:0005509;GO:0005634;GO:0051017;GO:0060754;GO:0003677;GO:0032233;GO:0005737;GO:0005886;GO:0030027;GO:0030835;GO:0005524;GO:0032880;GO:0015629;GO:0007204;GO:0033633;GO:0045296;GO:0045190
A9MBD6	GO:0051539;GO:0051537;GO:0004076;GO:0005506;GO:0009102
P39661	GO:0051539;GO:0048307;GO:0042128;GO:0046872;GO:0020037
D4A3U0	GO:0004930;GO:0005886;GO:0042277;GO:0030030;GO:0005887;GO:0007186
Q8BZL4	GO:0004930;GO:0005886;GO:0042277;GO:0030030;GO:0005887;GO:0007186
Q91XQ0	GO:0036126;GO:0005874;GO:0030286;GO:0097228;GO:0036158;GO:0005930;GO:0005524;GO:0036157;GO:0007018;GO:0008569;GO:0051959;GO:0045505
Q6ZQ11	GO:0008376;GO:0005576;GO:0046872;GO:0030206;GO:0051923;GO:0060349;GO:0045880;GO:0009954;GO:0031667;GO:0016757;GO:0047238;GO:0016021;GO:0050510;GO:0030279;GO:0002063;GO:0032580;GO:0051216
Q9FGD7	GO:0004842;GO:0004672;GO:0005524
Q0IDK4	GO:0005737;GO:0006427;GO:0004821;GO:0005524
Q65X23	GO:0035556;GO:0005737;GO:0005524;GO:0004674;GO:0006468
K3VA96	GO:0016491;GO:0032259;GO:0006633;GO:0008168;GO:0004315;GO:0031177
D1AFM9	GO:0016747;GO:0051144
P43220	GO:0050796;GO:0017046;GO:0045777;GO:0007611;GO:0044508;GO:0004967;GO:0016021;GO:0007189;GO:0004888;GO:1990911;GO:0007188;GO:0005886;GO:0008528;GO:0008016;GO:0019933;GO:0007204;GO:0007166;GO:0005887;GO:0007190;GO:0007186
A5CS59	GO:0005737;GO:0071424;GO:0070475
C5M545	GO:0046872;GO:0005774;GO:0008237;GO:0016021
P9WQ52	GO:0006631;GO:0016874;GO:0005886;GO:0016021
Q8YNH4	GO:0010181;GO:0004452;GO:0016491;GO:0008299;GO:0070402;GO:0005737;GO:0000287
A0A2R9YJI3	GO:0007368;GO:0004930;GO:0061371;GO:0003140;GO:0070121;GO:0005886;GO:0042277;GO:0071910;GO:0030030;GO:0001947;GO:0071907;GO:0005887;GO:0007186
Q8GDP4	GO:0000105;GO:0004399;GO:0051287;GO:0046872
Q99680	GO:0004930;GO:0005886;GO:0042277;GO:0030030;GO:0005887;GO:0007186
O29254	
D5CDA0	GO:0005886;GO:0022857;GO:0046942;GO:0016021
Q15751	GO:0021702;GO:0050885;GO:0010507;GO:0005737;GO:0016020;GO:0005794;GO:0005086;GO:0005829;GO:0004842;GO:0031175
Q80UV9	GO:0006511;GO:0016573;GO:1905524;GO:0018105;GO:0036369;GO:0005634;GO:0061631;GO:1990841;GO:0045120;GO:0005654;GO:0000122;GO:2000059;GO:0046982;GO:2000825;GO:0006361;GO:0004674;GO:0006468;GO:0006974;GO:0010629;GO:0061629;GO:0070577;GO:0016301;GO:0046777;GO:0050821;GO:0005524;GO:0004402;GO:0035257;GO:0032436;GO:0140416;GO:0008134;GO:1903026;GO:0004672;GO:0007049;GO:0000790;GO:0071339;GO:0005669;GO:0005667;GO:0051123;GO:0000979;GO:0030901;GO:0071318;GO:0006366;GO:0016251;GO:0001181;GO:0002039;GO:0034644;GO:0018107;GO:0003677;GO:0043433;GO:0000209;GO:0006367;GO:0032092;GO:0017025
P21675	GO:0006511;GO:1905524;GO:0018105;GO:0036369;GO:0005634;GO:0061631;GO:0005654;GO:0000122;GO:2000059;GO:0046982;GO:2000825;GO:0006361;GO:0004674;GO:0006468;GO:0006974;GO:0010629;GO:0016032;GO:1901796;GO:0061629;GO:0070577;GO:0016301;GO:0046777;GO:0050821;GO:0005524;GO:1902806;GO:0004402;GO:0035257;GO:0032436;GO:0140416;GO:0008134;GO:1903026;GO:0004672;GO:0007049;GO:0000790;GO:0071339;GO:0005669;GO:0005667;GO:0051123;GO:0043565;GO:0000979;GO:0030901;GO:0071318;GO:0006366;GO:0016251;GO:0001181;GO:0002039;GO:0034644;GO:0018107;GO:0043433;GO:0000209;GO:0006367;GO:0032092;GO:0017025
Q7U518	GO:0004828;GO:0016260;GO:0097056;GO:0006434;GO:0005737;GO:0005524
Q5RDS0	GO:0004622;GO:0005789;GO:0102545;GO:0016042;GO:0016021;GO:0046470
B0SUL0	
Q9GME8	GO:0030246;GO:0016021
P42557	GO:0016324;GO:0140361;GO:0008518;GO:0140360;GO:0061507;GO:0005542;GO:0015350;GO:0016323;GO:1904447;GO:0005887
A4IHD2	GO:0003677;GO:0003678;GO:0005634;GO:0005524
O78516	GO:0004222;GO:0030163;GO:0016021;GO:0004176;GO:0005524;GO:0009535;GO:0008270
Q60544	GO:0007049;GO:0016251;GO:0071339;GO:0005669;GO:0003677;GO:0006367;GO:0005524;GO:0004402;GO:0004674;GO:0045944
Q17574	GO:0009086;GO:0010181;GO:0030586;GO:0016491;GO:0003958;GO:0050660;GO:0050667;GO:0005829;GO:0016709
Q7M9W3	GO:0009317;GO:0016743;GO:0003989;GO:0006633;GO:0005524;GO:2001295
Q63HN8	GO:0006511;GO:0016567;GO:0046872;GO:0051865;GO:0001525;GO:0016887;GO:0005730;GO:0005737;GO:0016020;GO:2000051;GO:0000209;GO:0002040;GO:0005829;GO:0004842;GO:0051260
A5ILJ5	GO:0003746;GO:0005737
Q9ZPV9	GO:0031201;GO:0005634;GO:0005484;GO:0009409;GO:0006887;GO:0006886;GO:0005886;GO:0006906;GO:0012505;GO:0016021;GO:0000149;GO:0048278
P40806	GO:0016874;GO:0006633;GO:0005737;GO:0017000;GO:0004315;GO:0031177
Q8EQ44	GO:0006308;GO:0009318;GO:0008855;GO:0003676;GO:0005737
Q96HR3	GO:0030374;GO:0005634;GO:0019827;GO:0042809;GO:0060261;GO:0016592;GO:0061630;GO:0005654;GO:0003713;GO:0003712;GO:0046966;GO:0006367;GO:0000151;GO:0045893
A6GWS0	GO:0005737;GO:0009229;GO:0009228;GO:0016783
O75554	GO:0071011;GO:0005634;GO:0045292;GO:0005654;GO:0008380;GO:0071005;GO:0016607;GO:0008270;GO:0000398;GO:0003723;GO:0070064
O75688	GO:0004722;GO:0032688;GO:1901223;GO:0090263;GO:0043124;GO:0005634;GO:0050687;GO:0005730;GO:0016020;GO:0006499;GO:0030145;GO:0000287;GO:0035970;GO:0006470;GO:0005829
Q80XJ3	GO:0005813;GO:0051301;GO:0007049;GO:0097431;GO:0030496;GO:1990023;GO:0007346;GO:0005737;GO:0072686;GO:0019900
Q2QLA3	GO:0060081;GO:1902476;GO:0005634;GO:0005254;GO:1904322;GO:0034707;GO:0071320;GO:0016853;GO:0005886;GO:0016020;GO:0005260;GO:0005524;GO:0016021;GO:0055038;GO:0005829;GO:0051454;GO:0005887;GO:0015106;GO:0005789;GO:0016887;GO:0031901;GO:0042626;GO:0048240;GO:0015701;GO:0005769;GO:0016324;GO:0015108;GO:0050891;GO:0055085;GO:0034976;GO:0019869;GO:0035377
P40541	GO:0003682;GO:0051301;GO:0034990;GO:0006473;GO:0005634;GO:0007062;GO:0000775;GO:0008278;GO:0005737;GO:0007064;GO:0000785;GO:0005829
B0TBM7	GO:0051539;GO:0036070;GO:0046872;GO:0019685;GO:0005524;GO:0016730;GO:0016636
Q9P2M7	GO:0030054;GO:0003779;GO:0005886;GO:0005923;GO:0007179;GO:0045296;GO:0003774;GO:0016459
Q6GQ22	GO:0005743;GO:0006839;GO:0016021
B0W3L6	GO:0019919;GO:0005634;GO:0034969;GO:0035241;GO:0006338;GO:0005737;GO:0006355;GO:0042054;GO:0035242
P03420	GO:0042802;GO:0020002;GO:0019064;GO:0060141;GO:0055036;GO:0019031;GO:0098670;GO:0016021;GO:0044178
A5GIN1	GO:0033362;GO:0010285;GO:0030170
O59307	GO:0003924;GO:0048500;GO:0008312;GO:0005525;GO:0006614
B0SDY8	GO:0009245;GO:0009029;GO:0005524
P33280	GO:0004053;GO:0019547;GO:0005737;GO:0030145;GO:0005829;GO:0000050
Q9VM71	GO:0004534;GO:0005634;GO:0006397;GO:0000738;GO:0046872;GO:0003723;GO:0000956;GO:0006353;GO:0008409
P0DTD1	GO:0042802;GO:0039694;GO:0039502;GO:0019785;GO:0039520;GO:0003727;GO:0004197;GO:0032259;GO:0004483;GO:0039604;GO:0039722;GO:0042803;GO:0071108;GO:0004519;GO:0039648;GO:0039548;GO:0016540;GO:0039501;GO:0039714;GO:0039519;GO:0004843;GO:0090503;GO:0039690;GO:0044220;GO:0039595;GO:0005524;GO:0016021;GO:0039547;GO:0039644;GO:0019082;GO:0039579;GO:0019083;GO:0019079;GO:0033644;GO:0003724;GO:0003968;GO:0008168;GO:0044172;GO:0070536;GO:0080009;GO:0008234;GO:0003678;GO:0006351;GO:0001172;GO:0030430;GO:0000175;GO:0004527;GO:0046983;GO:0008270;GO:0004386
Q2IBF6	GO:0060081;GO:1902476;GO:0005634;GO:0005254;GO:1904322;GO:0034707;GO:0071320;GO:0016853;GO:0005886;GO:0016020;GO:0005260;GO:0005524;GO:0016021;GO:0055038;GO:0005829;GO:0051454;GO:0005887;GO:0015106;GO:0005789;GO:0016887;GO:0031901;GO:0042626;GO:0048240;GO:0015701;GO:0005769;GO:0016324;GO:0015108;GO:0050891;GO:0055085;GO:0034976;GO:0019869;GO:0035377
P13569	GO:0060081;GO:0030165;GO:1902476;GO:0005634;GO:0005254;GO:1904322;GO:0005737;GO:0034707;GO:0010008;GO:0071320;GO:0106138;GO:0019899;GO:0005765;GO:0055037;GO:0006695;GO:0016853;GO:0045921;GO:0009986;GO:0035774;GO:0005886;GO:0016020;GO:0005260;GO:0005524;GO:0016021;GO:0051087;GO:0005829;GO:0055038;GO:0051454;GO:0005887;GO:0061024;GO:0015106;GO:0030301;GO:0030665;GO:0005789;GO:0006904;GO:0016887;GO:1902161;GO:0031901;GO:0016579;GO:1902943;GO:0042626;GO:0048240;GO:0015701;GO:0005769;GO:0016324;GO:0015108;GO:0050891;GO:0055085;GO:0032991;GO:0030660;GO:0034976;GO:0019869;GO:0035377;GO:0017081
Q2QLE5	GO:0060081;GO:0030165;GO:1902476;GO:0005634;GO:0005254;GO:1904322;GO:0034707;GO:0071320;GO:0106138;GO:0019899;GO:0006695;GO:0016853;GO:0045921;GO:0009986;GO:0035774;GO:0005886;GO:0016020;GO:0005260;GO:0005524;GO:0016021;GO:0051087;GO:0005829;GO:0055038;GO:0051454;GO:0005887;GO:0015106;GO:0030301;GO:0005789;GO:0006904;GO:0016887;GO:1902161;GO:0031901;GO:1902943;GO:0042626;GO:0048240;GO:0015701;GO:0005769;GO:0016324;GO:0015108;GO:0050891;GO:0055085;GO:0034976;GO:0019869;GO:0035377
B2I8U1	GO:0051539;GO:0006400;GO:0035596;GO:0005737;GO:0046872
B3EQF7	GO:0005886;GO:0032977;GO:0015031;GO:0016021
Q65KU8	GO:0055129;GO:0004349;GO:0005737;GO:0005524;GO:0003723
Q9QWJ9	GO:0007507;GO:0060982;GO:0019901;GO:0038085;GO:0021612;GO:0001525;GO:0021785;GO:1904835;GO:0051491;GO:1900026;GO:0051894;GO:1902946;GO:0006930;GO:0005829;GO:0021637;GO:0099055;GO:0031532;GO:1902285;GO:0035924;GO:0007411;GO:0043524;GO:0005769;GO:0035767;GO:0048843;GO:0030426;GO:0048012;GO:0060978;GO:2001237;GO:0016477;GO:0031966;GO:0038190;GO:1901998;GO:0048846;GO:0071526;GO:0008045;GO:0098978;GO:0050731;GO:0030424;GO:0021675;GO:0001764;GO:0097490;GO:0048666;GO:0005886;GO:0061299;GO:0005021;GO:0048008;GO:0071679;GO:1905040;GO:1902336;GO:0097491;GO:0010595;GO:0043005;GO:0005883;GO:0007399;GO:0042327;GO:0048844;GO:0036486;GO:0009611;GO:0021649;GO:2000251;GO:0021636;GO:0031290;GO:0048841;GO:0090050;GO:0005925;GO:0016358;GO:1902378;GO:1901166;GO:0009986;GO:0090259;GO:0003148;GO:0034446;GO:0016021;GO:0005096;GO:0048010;GO:0019838;GO:0048485;GO:0001569;GO:0061551;GO:0070374;GO:1903375;GO:0035729;GO:0032489;GO:0021828;GO:0007229;GO:0051496;GO:0060385;GO:0150020;GO:0038189;GO:0043025;GO:0030517;GO:0097374;GO:1902287;GO:0017154;GO:0008201;GO:0002042;GO:0002040;GO:0043542;GO:0099173;GO:0048842;GO:0061441;GO:0061549;GO:0050918;GO:0097475;GO:0046872;GO:0007413;GO:0045766;GO:0060666;GO:0150018;GO:0097443
A1WLD5	GO:0009380;GO:0009432;GO:0003677;GO:0006289;GO:0005737;GO:0009381
B7IP82	GO:0005525;GO:0042254
B2J1K8	GO:0005737;GO:0043093;GO:0000917
Q9TSP5	GO:0060081;GO:1902476;GO:0005634;GO:0005254;GO:1904322;GO:0034707;GO:0071320;GO:0016853;GO:0005886;GO:0055038;GO:0005260;GO:0005524;GO:0016021;GO:0051454;GO:0005887;GO:0015106;GO:0005789;GO:0016887;GO:0031901;GO:0042626;GO:0048240;GO:0015701;GO:0005769;GO:0016324;GO:0015108;GO:0050891;GO:0034976;GO:0019869;GO:0035377
Q00553	GO:0060081;GO:1902476;GO:0005634;GO:0005254;GO:1904322;GO:0034707;GO:0071320;GO:0016853;GO:0005886;GO:0055038;GO:0005260;GO:0005524;GO:0016021;GO:0051454;GO:0005887;GO:0015106;GO:0005789;GO:0016887;GO:0031901;GO:0042626;GO:0048240;GO:0015701;GO:0005769;GO:0016324;GO:0015108;GO:0050891;GO:0034976;GO:0019869;GO:0035377
P42744	GO:0032446;GO:0010252;GO:0009414;GO:0005634;GO:0019781;GO:0009735;GO:0005737;GO:0006281;GO:0000166;GO:0007131;GO:0045116;GO:0005829;GO:0009965;GO:0009734
C0LGW2	GO:0004674;GO:0005524;GO:0016021
Q9TUQ2	GO:0060081;GO:1902476;GO:0005634;GO:0005254;GO:1904322;GO:0034707;GO:0071320;GO:0016853;GO:0005886;GO:0055038;GO:0005260;GO:0005524;GO:0016021;GO:0051454;GO:0005887;GO:0015106;GO:0005789;GO:0016887;GO:0031901;GO:0042626;GO:0048240;GO:0015701;GO:0005769;GO:0016324;GO:0015108;GO:0050891;GO:0034976;GO:0019869;GO:0035377
Q179T2	GO:0003676;GO:0046872;GO:0008408
B2SF22	GO:0004798;GO:0006233;GO:0006235;GO:0005524
Q6FJ54	GO:0005935;GO:0051301;GO:0007049
Q8W5R5	GO:0005871;GO:0003777;GO:0008017;GO:0005874;GO:0005739;GO:0016887;GO:0031347;GO:0005524;GO:0046872;GO:0007018
Q2YDN1	GO:0055037;GO:0004930;GO:0007189;GO:0007275;GO:0005929;GO:1901621;GO:0016021;GO:0060170
Q53K16	GO:0005634;GO:0003700;GO:0043565;GO:0006355
C0ZL89	GO:0046677;GO:0050071;GO:0006629;GO:0006430;GO:0003677;GO:0005737;GO:0004824;GO:0005886;GO:0005524;GO:0016021;GO:0000287
Q5ZVM1	GO:0009073;GO:0005737;GO:0009423;GO:0003866
A0Q893	GO:0004798;GO:0006233;GO:0006235;GO:0005524
Q608L5	GO:0102752;GO:0003844;GO:0043169;GO:0005978;GO:0004553
Q5F3K0	
Q6Q760	GO:0060075;GO:0070588;GO:0005261;GO:0071805;GO:0034765;GO:0005272;GO:0035725;GO:0016021;GO:0005244;GO:0022840
A4IW74	GO:0004798;GO:0006233;GO:0006235;GO:0005524
Q6G0N1	GO:0051539;GO:0006400;GO:0035596;GO:0005737;GO:0046872
A4VUL8	GO:0003924;GO:0003746;GO:0043022;GO:0005886;GO:0045727;GO:0005525
Q9YDW0	GO:0006435;GO:0000049;GO:0004829;GO:0005737;GO:0005524;GO:0046872
A1DP58	GO:0005730;GO:0006364;GO:0016021
Q5N0Z5	GO:0005737;GO:0006427;GO:0004821;GO:0005524
A7NE29	GO:0004798;GO:0006233;GO:0006235;GO:0005524
Q9UPZ6	GO:0005576;GO:0031532;GO:0001525;GO:0042995;GO:0005886;GO:0016021;GO:0030154
Q0IQJ7	GO:0016985;GO:0005975
Q8R2R1	GO:0035269;GO:0005789;GO:0000030;GO:0030198;GO:1904100;GO:0016021;GO:0001669;GO:0016529;GO:0004169
O00204	GO:0070062;GO:0015485;GO:0008203;GO:0003676;GO:0005634;GO:0004027;GO:0050427;GO:0008285;GO:0008202;GO:1990239;GO:0000103;GO:0005737;GO:0043231;GO:0045606;GO:0005783;GO:0050294;GO:0005829
P40345	GO:0005637;GO:0005789;GO:0006629;GO:0006672;GO:0016021;GO:0055091;GO:0005737;GO:0008374;GO:0019432;GO:0019915;GO:0005783;GO:0003824;GO:0046027;GO:0097038;GO:0005811
A5DGM4	GO:0030686;GO:0005730;GO:0003724;GO:0005654;GO:0030687;GO:0005524;GO:1902626;GO:0003723;GO:0000470;GO:0000027
Q0BKK1	GO:0004798;GO:0006233;GO:0006235;GO:0005524
Q4WRU4	GO:0048311;GO:0000002;GO:0005739;GO:0000070;GO:0005737;GO:0090307
Q3SI67	GO:0051287;GO:0000105;GO:0004399;GO:0008270
Q9X284	GO:0003746;GO:0005737
P05876	GO:0003700;GO:0030430;GO:0044196;GO:0003723;GO:0051028
C4LJY5	GO:0009022;GO:0000175;GO:0000049;GO:0008033;GO:0006364;GO:0016075
Q913D4	GO:0039694;GO:0039502;GO:0042025;GO:0004197;GO:0019031;GO:0039645;GO:0075512;GO:0005198;GO:0003723;GO:0044186;GO:0044220;GO:0039707;GO:0005524;GO:0016021;GO:0039547;GO:0039545;GO:0005216;GO:0017124;GO:0003724;GO:0003968;GO:0039654;GO:0044385;GO:0020002;GO:0055036;GO:0051259;GO:0019087;GO:0019013;GO:0039563;GO:0044167;GO:0008270;GO:0039520;GO:0044191;GO:0019062;GO:0004252
P31009	GO:0022626;GO:0005730;GO:0002181;GO:0005737;GO:0048477;GO:0007275;GO:0006412;GO:0003723;GO:0022627;GO:0003735
Q6FZP1	GO:0004751;GO:0009052
O91936	GO:0039694;GO:0039502;GO:0042025;GO:0004197;GO:0019031;GO:0039645;GO:0075512;GO:0005198;GO:0003723;GO:0044186;GO:0044220;GO:0039707;GO:0005524;GO:0016021;GO:0039547;GO:0039545;GO:0005216;GO:0017124;GO:0003724;GO:0003968;GO:0039654;GO:0044385;GO:0020002;GO:0055036;GO:0051259;GO:0019087;GO:0019013;GO:0039563;GO:0044167;GO:0008270;GO:0039520;GO:0044191;GO:0019062;GO:0004252
P33279	GO:0140468;GO:1990641;GO:0018105;GO:0008285;GO:0010998;GO:0017148;GO:0006417;GO:0005737;GO:0042803;GO:0046777;GO:0005524;GO:0004694;GO:0046986;GO:0140467;GO:0020037
Q7MV54	GO:0006419;GO:0000049;GO:0005737;GO:0004813;GO:0005524;GO:0008270
A2VE39	GO:0006370;GO:0003676;GO:0005634;GO:0097309;GO:0005654;GO:0004483;GO:0005737;GO:0005829;GO:0080009
Q6AWY4	GO:0006351;GO:0005634;GO:0032502;GO:0005524;GO:0006355
Q5L9P9	GO:0000287;GO:0050194;GO:0019700
A0A0U1LQE1	GO:0033285;GO:0016887;GO:0009405;GO:0005524;GO:0016021;GO:0000324
P10383	GO:0004843;GO:0019099;GO:0007281;GO:0032877;GO:0016579;GO:0048477;GO:0005829;GO:2000738
Q9LU41	GO:0009555;GO:0046872;GO:0005516;GO:0005886;GO:0005388;GO:0016020;GO:0005524;GO:0016021;GO:0043231;GO:0009567;GO:0019829
P27312	GO:0055036;GO:0007165;GO:0044167;GO:0016021;GO:0039654;GO:0044178;GO:0019062;GO:0039503;GO:0039547
B4SQK7	GO:0051539;GO:0006400;GO:0035596;GO:0005737;GO:0046872
Q07895	GO:0005615;GO:0005739;GO:0016236;GO:0000329;GO:0016021;GO:0000324
Q2IBA1	GO:0060081;GO:1902476;GO:0005634;GO:0005254;GO:1904322;GO:0034707;GO:0071320;GO:0016853;GO:0005886;GO:0055038;GO:0005260;GO:0005524;GO:0016021;GO:0051454;GO:0005887;GO:0015106;GO:0005789;GO:0016887;GO:0031901;GO:0042626;GO:0048240;GO:0015701;GO:0005769;GO:0016324;GO:0015108;GO:0050891;GO:0034976;GO:0019869;GO:0035377
O88587	GO:0051930;GO:0045211;GO:0005739;GO:0032496;GO:0032259;GO:0007612;GO:0043627;GO:0030424;GO:0008210;GO:0008171;GO:0044297;GO:0048662;GO:0009712;GO:0035814;GO:0045963;GO:0048265;GO:0016020;GO:0030425;GO:0032502;GO:0016036;GO:0016021;GO:0005829;GO:0043231;GO:0043197;GO:0007614;GO:0016206;GO:0007565;GO:0102084;GO:0042424;GO:0014070;GO:0050668;GO:0048609;GO:0042135;GO:0042420;GO:0042493;GO:0102938;GO:0000287;GO:0042417
B2FJ92	GO:0051539;GO:0006400;GO:0035596;GO:0005737;GO:0046872
Q9ZE44	GO:0005886;GO:0030255;GO:0016021
O75419	GO:0003697;GO:0000082;GO:0003682;GO:0000727;GO:0005813;GO:1900087;GO:1902977;GO:0006260;GO:0005634;GO:0000076;GO:0031261;GO:0031938;GO:0005654;GO:0006270;GO:0005737;GO:0005656;GO:0003688;GO:0031298;GO:0036064;GO:0000083
A2ACP1	
Q31KX6	GO:0005737;GO:0006427;GO:0004821;GO:0005524
P48766	GO:0005516;GO:0006883;GO:0055074;GO:0005654;GO:0030018;GO:0045202;GO:0030315;GO:0031226;GO:0002026;GO:0035725;GO:0030501;GO:0005887;GO:0035994;GO:0005509;GO:0070588;GO:0098719;GO:0006816;GO:0014704;GO:0055119;GO:0042383;GO:0070509;GO:0030506;GO:0007154;GO:0005432;GO:0098735
P23685	GO:0005516;GO:0006883;GO:0005654;GO:0030424;GO:0031226;GO:0030001;GO:0035725;GO:0016020;GO:0015491;GO:0030501;GO:0005887;GO:0035994;GO:0005509;GO:0070588;GO:0098719;GO:1905060;GO:0042383;GO:0030506;GO:0007154;GO:0098794;GO:0005432;GO:0098703;GO:0098735
P48765	GO:0005509;GO:0007204;GO:0006874;GO:0031226;GO:0070588;GO:0002026;GO:0005516;GO:0006816;GO:0042383;GO:0006814;GO:0002028;GO:0007154;GO:0035725;GO:0005886;GO:0051924;GO:0016021;GO:0005432;GO:0005901
P48767	GO:0005509;GO:0070588;GO:0031226;GO:0030001;GO:0015491;GO:0098703;GO:0005516;GO:0007154;GO:0035725;GO:0016020;GO:0098794;GO:0005432;GO:0042383;GO:0030424;GO:0005887
A0K5N5	GO:0016887;GO:0005886;GO:0005524;GO:0015424;GO:0015821
A7TQN2	GO:0030688;GO:0030686;GO:0003676;GO:0005634;GO:0005737;GO:0030490;GO:0000398;GO:0030687;GO:0051096
B2HN69	GO:0031177;GO:0006631;GO:0016491;GO:0005524
A3M3G1	GO:0004017;GO:0005737;GO:0005524;GO:0044209
B3DYE4	GO:0008616;GO:0101030;GO:0008479;GO:0046872
A8F011	GO:0051539;GO:0006400;GO:0035596;GO:0005737;GO:0046872
P59242	GO:0030054;GO:0008017;GO:0003779;GO:0005903;GO:0043296;GO:0003382;GO:0005886;GO:0005923;GO:0070830;GO:0003774;GO:0016459;GO:0000226
Q95333	GO:0005886;GO:0031225;GO:0070006;GO:0046872
Q39161	GO:0051539;GO:0048307;GO:0005739;GO:0042128;GO:0050421;GO:0010167;GO:0009570;GO:0046872;GO:0048046;GO:0009507;GO:0020037
A5VHK2	GO:0003678;GO:0008408;GO:0000724;GO:0005524;GO:0003690
Q9RW01	GO:0005829;GO:0004643;GO:0006189;GO:0003937
Q6FQF0	GO:0008234;GO:0004843;GO:0043162;GO:0006275;GO:0010995;GO:0000502;GO:0016579;GO:0070676;GO:1904669;GO:0006897;GO:0031902
Q2HDI2	GO:0003779;GO:0030479;GO:0005524;GO:0003774;GO:0016459
P32595	GO:0055036;GO:0019031;GO:0016021;GO:0046718;GO:0019062
P13888	GO:0039694;GO:0006351;GO:0016787;GO:0044162;GO:0003968;GO:0016020;GO:0000166;GO:0046872;GO:0003723;GO:0004652
P26191	GO:0003723;GO:0019013;GO:0039616;GO:0039625
Q86924	GO:0008234;GO:0020002;GO:0006370;GO:0006351;GO:0039694;GO:0042025;GO:0044176;GO:0046872;GO:0005525;GO:0044162;GO:0003968;GO:0003724;GO:0004651;GO:0016020;GO:0008174;GO:0005524;GO:0039523;GO:0003723;GO:0004652
Q0JMH0	GO:0005777;GO:0016831;GO:0001561;GO:0030976;GO:0000287
Q03172	GO:0030509;GO:0045892;GO:0005739;GO:0005634;GO:0003677;GO:0005654;GO:0016604;GO:0000122;GO:0071837;GO:0008270;GO:0045944
P18039	GO:0003700;GO:0030430;GO:0044196;GO:0003723;GO:0051028
Q983N4	GO:0006428;GO:0004822;GO:0002161;GO:0000049;GO:0005737;GO:0005524
C4JP24	GO:0032865;GO:0008289;GO:0000002;GO:0006869;GO:0030176;GO:0045040
Q96EM0	GO:0050346;GO:0016836
Q3JPZ4	GO:0016887;GO:0005886;GO:0005524;GO:0015424;GO:0015821
B0R8E4	GO:0005576;GO:0030115;GO:0071555;GO:0005886;GO:0016021;GO:0005618
O52347	GO:0005840;GO:0003735;GO:0019843;GO:0006412
Q05921	GO:0042802;GO:0043488;GO:0046872;GO:0004672;GO:0016363;GO:0005739;GO:0045071;GO:0006397;GO:0043021;GO:0006396;GO:0046326;GO:0045444;GO:0051607;GO:0004540;GO:0006364;GO:0005524;GO:0004519;GO:0003723;GO:0019843;GO:0045944
P35597	GO:0005886;GO:0046872;GO:0005524;GO:0016021
P17754	GO:0003700;GO:0030430;GO:0044196;GO:0003723;GO:0051028
Q5B6H7	GO:0005759;GO:0004222;GO:0005739;GO:0097308;GO:0051603;GO:0016485;GO:0005758;GO:0046872
Q8JZQ5	GO:0052600;GO:0052597;GO:0009445;GO:0042803;GO:0008144;GO:0035874;GO:0071420;GO:0005507;GO:0097185;GO:0009308;GO:0005886;GO:0071280;GO:0005509;GO:0070062;GO:0046677;GO:0052598;GO:0008201;GO:0052599;GO:0015898;GO:0055114;GO:0044877;GO:0048038;GO:0042493;GO:0005923;GO:0008270;GO:0005615;GO:0008131
P27981	GO:0003700;GO:0030430;GO:0044196;GO:0003723;GO:0051028
Q5WX75	GO:0005737;GO:0042803;GO:0004109;GO:0046872;GO:0006782
Q0D847	GO:0035556;GO:0005737;GO:0005524;GO:0004674;GO:0006468
P46492	GO:0006865;GO:0048473;GO:0055085;GO:0005886;GO:0016021
Q63ZL2	GO:0005634;GO:0007131
Q6INI0	GO:0043406;GO:0046935;GO:0005634;GO:0014065;GO:0005737;GO:0005886;GO:0016020;GO:0031683;GO:0005944;GO:0051897;GO:0007186
Q8DFE8	GO:0051539;GO:0006400;GO:0035596;GO:0005737;GO:0046872
Q7VLW6	GO:0004329;GO:0035999;GO:0005524
Q9QXE0	GO:0042802;GO:0005777;GO:0006625;GO:0006631;GO:0006629;GO:0016830;GO:0016829;GO:0097089;GO:0001561;GO:0005654;GO:0043231;GO:1903512;GO:0005524;GO:0030976;GO:0000287
Q5L2V2	
P22638	GO:0016887;GO:0043158;GO:0042626;GO:0005886;GO:0005524;GO:0016021
Q7Z3B3	GO:0000777;GO:0044545;GO:0043981;GO:0005634;GO:0071339;GO:0005654;GO:0043984;GO:0035035;GO:0000123;GO:0043982
A6SED8	GO:0003779;GO:0030479;GO:0005524;GO:0003774;GO:0016459
A1D1R1	GO:0005739
A7Z4I9	GO:0003677;GO:0006351;GO:0003899
C5B995	GO:0004814;GO:0004820;GO:0006426;GO:0006420;GO:0005737;GO:0005524
A9A078	GO:0006435;GO:0000049;GO:0004829;GO:0005737;GO:0005524;GO:0046872
P21945	GO:0003697;GO:0020002;GO:0042025;GO:0030430;GO:0046740;GO:0016020;GO:0051027;GO:0005198;GO:0019028
A4QGQ6	GO:0009022;GO:0000175;GO:0000049;GO:0008033;GO:0006364;GO:0016075
Q73JG6	GO:0018339;GO:0051539;GO:0006400;GO:0005737;GO:0046872;GO:0103039
P40403	GO:0016787;GO:0050918
Q8TFN2	GO:0006914;GO:0005524;GO:0034045;GO:0004674;GO:0015031
B4P7H8	
Q8NMR4	GO:0009022;GO:0000175;GO:0000049;GO:0008033;GO:0006364;GO:0016075
O18999	GO:0005152;GO:0031982;GO:2000660;GO:0002437;GO:0005151;GO:0006629;GO:0005150;GO:0006954;GO:0051384;GO:0005125;GO:0045353;GO:0034115;GO:0005615;GO:0030073;GO:0045352
Q82685	GO:0019012;GO:0030430;GO:0004482;GO:0005524;GO:0003968
Q1LTM3	GO:0016992;GO:0051539;GO:0005737;GO:0102553;GO:0046872;GO:0102552;GO:0009249
B4HND9	
B3NSK1	
Q14146	GO:0030496;GO:0042254;GO:0016235;GO:0005730
Q1XHL7	GO:0004703;GO:0007165;GO:0007601;GO:0016020;GO:0005524;GO:0050254
Q3SL40	GO:0006260;GO:0003677;GO:0006281;GO:0046872;GO:0003911
P22148	GO:0000978;GO:0005634;GO:0000981;GO:0043565;GO:0005737;GO:0060963;GO:0045944
A0A179H0J7	GO:0016491;GO:0032259;GO:0006633;GO:0008168;GO:0004315;GO:0031177
K9JA28	GO:0004896;GO:0034342;GO:0005886;GO:0016021;GO:0051607;GO:0019221
Q6MBF8	GO:0015935;GO:0003735;GO:0019843;GO:0006412
Q5VVY1	GO:0071885;GO:0005634;GO:0005737;GO:0006480;GO:0008168
Q291E4	GO:0000375;GO:0007548;GO:0005634;GO:0007539;GO:0006397;GO:1903688;GO:0030154;GO:0036396;GO:0000381;GO:0080009
Q3SRJ8	GO:0003883;GO:0005524;GO:0046872;GO:0006541;GO:0044210
B4QB64	
Q5XGI1	GO:0071423;GO:0005743;GO:0015140;GO:0015141;GO:0035435;GO:0015117;GO:0015116;GO:0015297;GO:0015709;GO:0016021;GO:0071422;GO:0015729;GO:0015131;GO:0008272;GO:0006839
B3MET8	
B3CML2	GO:0006633;GO:0005737;GO:0043811;GO:0008654
Q8QZ73	GO:0008234;GO:0020002;GO:0006370;GO:0006351;GO:0039694;GO:0042025;GO:0044176;GO:0046872;GO:0005525;GO:0044162;GO:0003968;GO:0003724;GO:0004651;GO:0016020;GO:0008174;GO:0005524;GO:0039523;GO:0003723;GO:0004652
A7P514	GO:0000082;GO:0006351;GO:0006357;GO:0005634;GO:0051726
Q6JTJ0	GO:0042616;GO:0036239;GO:0055114;GO:0016021;GO:0042617;GO:0031090;GO:0005783;GO:0005506;GO:0043231;GO:0020037
Q75DB8	GO:0016572;GO:2000105;GO:0006260;GO:0005634;GO:0000722;GO:0006281;GO:0000077;GO:0046777;GO:0006975;GO:0005524;GO:0007131;GO:1901857;GO:0000723;GO:0004674
O53732	GO:0032259;GO:0006633;GO:0008168;GO:0071555
B4GIJ0	
Q07E16	GO:0060081;GO:0030165;GO:1902476;GO:0005634;GO:0005254;GO:1904322;GO:0034707;GO:0071320;GO:0106138;GO:0019899;GO:0006695;GO:0016853;GO:0045921;GO:0009986;GO:0035774;GO:0005886;GO:0055038;GO:0005260;GO:0005524;GO:0016021;GO:0051087;GO:0005829;GO:0051454;GO:0005887;GO:0015106;GO:0030301;GO:0005789;GO:0006904;GO:0016887;GO:1902161;GO:0031901;GO:1902943;GO:0042626;GO:0048240;GO:0015701;GO:0005769;GO:0016324;GO:0015108;GO:0050891;GO:0034976;GO:0019869;GO:0035377
Q9QWF0	GO:0042802;GO:0006335;GO:0007049;GO:0006260;GO:0000790;GO:0005634;GO:0006334;GO:0070087;GO:0006281;GO:0033186;GO:0032991;GO:0031497
A5IBB3	GO:0005737;GO:0042803;GO:0004109;GO:0046872;GO:0006782
Q108U0	GO:0060081;GO:1902476;GO:0005634;GO:0005254;GO:1904322;GO:0034707;GO:0071320;GO:0016853;GO:0005886;GO:0055038;GO:0005260;GO:0005524;GO:0016021;GO:0051454;GO:0005887;GO:0015106;GO:0005789;GO:0016887;GO:0031901;GO:0042626;GO:0048240;GO:0015701;GO:0005769;GO:0016324;GO:0015108;GO:0050891;GO:0034976;GO:0019869;GO:0035377
Q5SRH9	
O07118	GO:0003676;GO:0000213;GO:0016829;GO:0006388
Q00417	GO:0001217;GO:0046632;GO:0030538;GO:0005634;GO:0005719;GO:0048557;GO:0000122;GO:0006355;GO:0008013;GO:0021915;GO:0033153;GO:0000978;GO:0016055;GO:0006357;GO:0048619;GO:0042127;GO:0001227;GO:0045586;GO:0005667;GO:0045944;GO:0060070;GO:0003700;GO:0044336;GO:0045892;GO:0001228;GO:0003677;GO:0016604;GO:0071353
Q2GLK4	GO:0005737;GO:0006427;GO:0004821;GO:0005524
Q9C653	GO:0016042;GO:0005576;GO:0016298
Q1LZ08	GO:0005634;GO:0016579;GO:0043130;GO:1903003
Q47LI5	GO:0003677;GO:0006351;GO:0032549;GO:0003899
Q0WVM7	GO:0045892;GO:0048481;GO:0005634;GO:1901001;GO:0009793;GO:0005667;GO:0047484;GO:0000122;GO:0048467;GO:0030154;GO:0001102;GO:0045944
B8FN26	GO:0006435;GO:0000049;GO:0004829;GO:0005737;GO:0005524;GO:0046872
A7PTY8	GO:0051539;GO:0005886;GO:0016021
Q10583	GO:0016491;GO:0046872;GO:0005344;GO:0005615
G4MVZ2	GO:0016853;GO:0016874;GO:0016491;GO:0032259;GO:0006633;GO:0005737;GO:0008168;GO:0004315;GO:0031177
A9BR02	GO:0008784;GO:0030632;GO:0030170
A4J541	GO:0008616;GO:0101030;GO:0008479;GO:0046872
A2I7N3	GO:0031410;GO:0042583;GO:0004867;GO:0005615
O14260	GO:0005078;GO:0051403;GO:0016021
B0JRF1	GO:0005737;GO:0006427;GO:0004821;GO:0005524
Q6AGS4	GO:0004613;GO:0006094;GO:0005737;GO:0030145;GO:0005525
Q5RC28	GO:0050346;GO:0016836
Q9LX89	GO:0005634;GO:0003700;GO:0043565;GO:0006355
B2A549	GO:0003746;GO:0005737
P98081	GO:0072583;GO:0008045;GO:0042051;GO:0005118;GO:0007391;GO:0045874;GO:0017124;GO:0098793;GO:0005737;GO:0048488;GO:0007349;GO:0005829;GO:0030424
Q6G4V6	GO:0051539;GO:0006400;GO:0035596;GO:0005737;GO:0046872
Q5W6G0	GO:0016985;GO:0005576;GO:0005975
A5AAW6	GO:0017108;GO:0033557;GO:0006260;GO:0006281;GO:0006310
Q5VV42	GO:0051539;GO:0006400;GO:0046872;GO:0035598;GO:0005789;GO:0005791;GO:0035596;GO:0016020;GO:0061712;GO:0035600;GO:0005783;GO:0016021;GO:1990145
Q32DJ3	GO:0006635;GO:0005737;GO:0003988
B3PTN1	GO:0000287;GO:0016779;GO:0005524
Q9DGP9	GO:0005634;GO:0016887;GO:0045495;GO:0003724;GO:0032019;GO:0005524;GO:0003723
Q9BZJ0	GO:0005681;GO:0005634;GO:0071014;GO:0000974;GO:0000245;GO:0005654;GO:0016607;GO:0000398;GO:0071007;GO:0003723;GO:0071013
A6SXR9	GO:0009380;GO:0009432;GO:0003677;GO:0006289;GO:0005737;GO:0009381
Q9Q0V1	GO:0019012;GO:0006370;GO:0006351;GO:0039694;GO:0042025;GO:0003968;GO:0075526;GO:0039523;GO:0003723
B1H0D2	GO:0051539;GO:0006400;GO:0035596;GO:0005737;GO:0046872
B0RIH2	GO:0008924;GO:0006099;GO:0052589
A4YL90	GO:0004612;GO:0006094;GO:0005737;GO:0005524;GO:0046872
O66638	GO:0051539;GO:0035596;GO:0035597;GO:0035600;GO:0046872;GO:0005829
B9DRU9	GO:0003678;GO:0000724;GO:0005524;GO:0003690;GO:0008409
P04581	GO:0019012;GO:0019082;GO:0019064;GO:0020002;GO:0044175;GO:0039654;GO:0055036;GO:0019031;GO:0075512;GO:0002223;GO:0090527;GO:1903905;GO:1903908;GO:0016021;GO:0005198;GO:0030683;GO:0019062;GO:1903911
Q61144	GO:0002573;GO:0001942;GO:0032091;GO:0043066;GO:0002244;GO:0008021;GO:0007175;GO:0007219;GO:0043065;GO:0043393;GO:0005829;GO:0032436;GO:0005637;GO:0005789;GO:0035556;GO:0048471;GO:0005769;GO:1902043;GO:0030426;GO:0005813;GO:0048538;GO:0040011;GO:0051604;GO:0016485;GO:0045121;GO:0001921;GO:0021904;GO:0097060;GO:0030018;GO:0030424;GO:0002286;GO:0005886;GO:0016020;GO:0110097;GO:0007611;GO:0001933;GO:0006816;GO:0070050;GO:0036064;GO:0030900;GO:0016324;GO:0000776;GO:0043589;GO:0048167;GO:0006509;GO:0043198;GO:2000059;GO:0030326;GO:0000139;GO:0009986;GO:0050820;GO:0005887;GO:0051444;GO:0007220;GO:0032469;GO:0001756;GO:0007176;GO:0004175;GO:0001708;GO:0099056;GO:0044267;GO:0032991;GO:0050852;GO:0005634;GO:0048854;GO:0000122;GO:0005794;GO:0005783;GO:0005765;GO:0031333;GO:0035253;GO:0043025;GO:0042987;GO:0043085;GO:0031594;GO:1990456;GO:0007613;GO:0050435;GO:0005743;GO:2001234;GO:0060048;GO:0005938;GO:0048286;GO:0042500;GO:0015031
P27283	GO:0008234;GO:0020002;GO:0006370;GO:0006351;GO:0039694;GO:0042025;GO:0044176;GO:0046872;GO:0005525;GO:0044162;GO:0003968;GO:0003724;GO:0004651;GO:0016020;GO:0008174;GO:0005524;GO:0039523;GO:0003723;GO:0004652
Q10074	GO:0089708;GO:0015189;GO:1990818;GO:0030435;GO:0005789;GO:0016021;GO:0089707;GO:0015171;GO:0005774;GO:0000329;GO:0005783;GO:0005290;GO:0003333;GO:0061459
P42457	GO:0004108;GO:0005737;GO:0006099
B4SZJ1	GO:0019556;GO:0050415;GO:0030145;GO:0019557
A0KZ94	GO:0017108;GO:0030955;GO:0003677;GO:0000287;GO:0033567
Q65RN7	GO:0006260;GO:0003677;GO:0006281;GO:0046872;GO:0003911
A6W5T0	GO:0003677;GO:0006351;GO:0032549;GO:0003899
B3QY24	GO:0005840;GO:0003735;GO:0019843;GO:0006412
Q9NYC9	GO:0005874;GO:0030286;GO:0097729;GO:0003341;GO:0120135;GO:0005930;GO:0005524;GO:0030030;GO:0007018;GO:0031514;GO:0008569;GO:0051959;GO:0045505
B8GZ33	GO:0003677;GO:0008170;GO:0009007;GO:0006260
Q6GZQ1	
Q477A1	GO:0051539;GO:0051537;GO:0004076;GO:0005506;GO:0009102
P03317	GO:0039502;GO:0042025;GO:0070566;GO:0062030;GO:0039523;GO:0005525;GO:0003723;GO:0039690;GO:0044162;GO:0016020;GO:0005524;GO:0039653;GO:0047407;GO:0006370;GO:0044176;GO:0003724;GO:0003968;GO:0008234;GO:0020002;GO:0006351;GO:0004651;GO:0039563;GO:0008174;GO:0046872;GO:0004652
Q93V99	GO:0003700;GO:2000033;GO:0008289;GO:0005634;GO:0000981;GO:0048497;GO:0048825;GO:0003677;GO:0009845;GO:0010029;GO:0009913
Q606L3	GO:0006633;GO:0005737;GO:0004315;GO:0033818
Q0C9E8	GO:0003723;GO:0003724;GO:0005524;GO:0005739
P0CU27	GO:0032259;GO:0008168;GO:0005737
C5H431	GO:0039694;GO:0003725;GO:0039502;GO:0042025;GO:0039564;GO:0004483;GO:0005198;GO:0005525;GO:0005576;GO:0044220;GO:0004482;GO:0005524;GO:0016021;GO:0019028;GO:0003724;GO:0003968;GO:0039654;GO:0055036;GO:0046983;GO:0039563;GO:0044167;GO:0046872;GO:0039520;GO:0019062;GO:0004252
P9WLU5	
A9RFQ5	GO:0003924;GO:0006412;GO:0045727;GO:0005525;GO:0009507
Q9BY76	GO:0042802;GO:0072562;GO:0005576;GO:0001666;GO:0001525;GO:0051005;GO:0006629;GO:0019216;GO:0070328;GO:2000352;GO:0043066;GO:0043335;GO:0005102;GO:0004857;GO:0005615;GO:0062023;GO:0045766
O35659	GO:0045777;GO:1990911;GO:0043066;GO:0008528;GO:0008016;GO:0045597;GO:0009749;GO:0007189;GO:0046879;GO:0032024;GO:0051209;GO:0005886;GO:0045823;GO:0030073;GO:0007611;GO:0007166;GO:0005887;GO:0017046;GO:0007613;GO:0008284;GO:0051924;GO:0043524;GO:0045944;GO:0038023;GO:0007218;GO:0044508;GO:0004967;GO:0007188;GO:0008306;GO:0001653;GO:0019933;GO:0007204;GO:0007631
Q39WC1	GO:0009317;GO:0016743;GO:0003989;GO:0006633;GO:0005524;GO:2001295
Q8DH61	GO:0004823;GO:0006429;GO:0002161;GO:0005737;GO:0005524
Q49588	GO:0015415;GO:0016887;GO:0005886;GO:0005315;GO:0005524
P76577	GO:0008360;GO:0009252;GO:0046677;GO:0004180;GO:0008955;GO:0016021;GO:0071555;GO:0005886;GO:0008658;GO:0008144;GO:0051781
D8QAM0	GO:0046872;GO:0005774;GO:0008237;GO:0016021
Q8CG45	GO:0004032;GO:0019119;GO:0004033;GO:0044597;GO:0005737;GO:0005794;GO:0005635;GO:0005795;GO:0044598
P27268	GO:0003697;GO:0020002;GO:0042025;GO:0030430;GO:0046740;GO:0016020;GO:0051027;GO:0005198;GO:0019028
Q2JY05	GO:0008033;GO:0052381;GO:0005524
P0DI34	GO:0071555;GO:0005886;GO:0016021
Q68798	GO:0039694;GO:0039502;GO:0042025;GO:0004197;GO:0019031;GO:0039645;GO:0075512;GO:0005198;GO:0003723;GO:0044186;GO:0044220;GO:0039707;GO:0005524;GO:0016021;GO:0039547;GO:0039545;GO:0005216;GO:0017124;GO:0003724;GO:0003968;GO:0039654;GO:0044385;GO:0020002;GO:0055036;GO:0051259;GO:0019087;GO:0019013;GO:0039563;GO:0044167;GO:0008270;GO:0039520;GO:0044191;GO:0019062;GO:0004252
Q6NET5	GO:0004613;GO:0006094;GO:0005737;GO:0030145;GO:0005525
O92815	GO:0004190;GO:0015074;GO:0020002;GO:0003964;GO:0003887;GO:0003677;GO:0004523;GO:0019013;GO:0006310;GO:0016020;GO:0008270;GO:0003723;GO:0039660
A3KMZ6	GO:0005507;GO:0005739;GO:0033132;GO:0055065;GO:0031304;GO:0032991;GO:0031305
Q92734	GO:0042802;GO:0048208;GO:0000139;GO:0005737;GO:0043231;GO:0070971;GO:0043123;GO:0005829;GO:0006888
Q9HQK7	
Q8FBS3	GO:0016887;GO:0005886;GO:0015611;GO:0005524
Q7Z2W4	GO:1900246;GO:0032728;GO:0046872;GO:0005634;GO:0045071;GO:0061014;GO:0009615;GO:0032727;GO:0005737;GO:0051607;GO:0043123;GO:0003723;GO:0005829;GO:0045087;GO:0006471;GO:0045296
B4MFM2	
B7HJ93	GO:0005737;GO:0009088;GO:0005524;GO:0004413
Q8NDB6	GO:0035064;GO:0005635;GO:0016021
O94248	GO:0005509;GO:0016887;GO:0005730;GO:0005654;GO:0006364;GO:0005524;GO:0030687;GO:0000027
Q68772	GO:0003678;GO:0019082;GO:0006351;GO:0039694;GO:0016021;GO:0004197;GO:0003968;GO:0003724;GO:0033644;GO:0044220;GO:0005524;GO:0008270;GO:0003723;GO:0004252
Q1AR91	GO:0003700;GO:0045892;GO:0003677;GO:0005737;GO:0051775
F4JG10	GO:0045493;GO:0031176
Q67JT3	GO:0003677;GO:0006351;GO:0032549;GO:0003899
A8AQY2	GO:0004553;GO:0004133;GO:0005980
Q9FCC3	GO:0051539;GO:0051537;GO:0004076;GO:0005506;GO:0009102
Q0ID68	GO:0033362;GO:0010285;GO:0030170
Q99NG0	GO:0003678;GO:0005634;GO:0019901;GO:0016887;GO:0003677;GO:0003712;GO:0005524;GO:0016607;GO:0045944
Q96SZ6	GO:0045736;GO:0051539;GO:0045664;GO:0007420;GO:0005739;GO:0019901;GO:0070900;GO:0044877;GO:0035597;GO:0045903;GO:0046872;GO:0005829;GO:0070131
A9X1A5	GO:0005923;GO:0003774;GO:0016459
Q8FMU8	GO:0009022;GO:0000175;GO:0000049;GO:0008033;GO:0006364;GO:0016075
Q9ZGH8	GO:0016705;GO:0017000
Q67NK1	GO:0003684;GO:0030983;GO:0005524;GO:0006298
P29450	GO:0055114;GO:0009507
Q12B04	GO:0016887;GO:0005886;GO:0005524;GO:0015424;GO:0015821
A0A098D1P1	GO:0016874;GO:0031177
Q5ACV9	GO:0005507;GO:0005576;GO:1903561;GO:0004784;GO:0031225;GO:0009405;GO:0005615;GO:0019430;GO:0005618
P24271	GO:0046872;GO:0033077;GO:0005634;GO:0042393;GO:0061630;GO:0043565;GO:0033151;GO:0010390;GO:0008270;GO:0004519;GO:0042803;GO:0004842;GO:0030183
B5DFA1	GO:0030054;GO:0017137;GO:0031410;GO:0090630;GO:0005654;GO:0006886;GO:0005829;GO:0043547;GO:0005096;GO:0045296
A0A1L9NGU5	GO:0016874;GO:0031177
Q2S8P0	GO:0009022;GO:0000175;GO:0000049;GO:0008033;GO:0006364;GO:0016075
Q7NFC3	GO:0047151;GO:0030488;GO:0030698;GO:0050660;GO:0002098;GO:0005829
B4KRQ4	
D4AUF4	GO:0004601;GO:0005576;GO:0006979;GO:0020037
A4QFA8	GO:0005737;GO:0009229;GO:0009228;GO:0016783
Q6A7L9	GO:0006433;GO:0002161;GO:0005737;GO:0005524;GO:0004827
O07509	GO:0055129;GO:0004349;GO:0005524;GO:0003723;GO:0005829;GO:0006561
P54981	GO:0016117;GO:0016491
P48444	GO:0006890;GO:0030137;GO:0030133;GO:0043473;GO:0005789;GO:0051645;GO:0000139;GO:0021691;GO:0006886;GO:0016020;GO:0003723;GO:0005829;GO:0006888;GO:0030126;GO:0008344
Q8NPZ0	GO:0006435;GO:0000049;GO:0004829;GO:0005737;GO:0005524;GO:0046872
A6QC95	GO:0009317;GO:0016743;GO:0003989;GO:0006633;GO:0005524;GO:2001295
B7V0C8	GO:0006396;GO:0005737;GO:0003963;GO:0005524
C5BLF9	GO:0009022;GO:0000175;GO:0000049;GO:0008033;GO:0006364;GO:0016075
Q9ZQR4	GO:0043231;GO:0016021
Q1GQS6	GO:0045261;GO:0005886;GO:0005524;GO:0042777;GO:0046933
Q10665	GO:0031519;GO:0070734;GO:0005634;GO:0000786;GO:0007275;GO:0016571;GO:0010468
O81782	GO:0003677;GO:0005634
P45092	GO:0015424;GO:0016887;GO:0005886;GO:0005524
B2J9Q1	GO:0009022;GO:0000175;GO:0000049;GO:0008033;GO:0006364;GO:0016075
B4S564	GO:0051539;GO:0006400;GO:0035596;GO:0005737;GO:0046872
Q8NNY6	GO:0005737;GO:0009229;GO:0009228;GO:0016783
P45632	GO:0000287;GO:0004615;GO:0005975
Q81EK4	GO:0005737;GO:0009088;GO:0005524;GO:0004413
Q8TJJ1	GO:0003852;GO:0016747;GO:0009097;GO:0009098;GO:0043714
Q9LF46	GO:0005777;GO:0016831;GO:0001561;GO:0009536;GO:0030976;GO:0000287;GO:0005829
P39014	GO:0042802;GO:0000082;GO:0009086;GO:0046686;GO:0019005;GO:0019344;GO:0005634;GO:0043130;GO:0043224;GO:0005737;GO:0000209;GO:0031146;GO:0000083;GO:0046685
P0C6W2	GO:0039694;GO:0039502;GO:0004197;GO:0003727;GO:0032259;GO:0004519;GO:0039648;GO:0004843;GO:0044220;GO:0039595;GO:0005524;GO:0016021;GO:0039644;GO:0019082;GO:0039579;GO:0033644;GO:0003724;GO:0003968;GO:0008168;GO:0044172;GO:0003678;GO:0006351;GO:0004527;GO:0008270;GO:0039520
P0C6X7	GO:0042802;GO:0039694;GO:0003725;GO:0039502;GO:0019785;GO:0039520;GO:0003727;GO:0004197;GO:0032259;GO:0004483;GO:0039604;GO:0039722;GO:0071108;GO:1990380;GO:0004519;GO:0039648;GO:0039548;GO:0016540;GO:0039501;GO:0039714;GO:0004843;GO:0090503;GO:0039690;GO:0044220;GO:0004482;GO:0039595;GO:0005524;GO:0016021;GO:0039547;GO:0039644;GO:0006370;GO:0019082;GO:0039579;GO:0019083;GO:0033644;GO:0003724;GO:2000158;GO:0003968;GO:0008168;GO:0044172;GO:0070536;GO:0080009;GO:0003678;GO:0006351;GO:0001172;GO:0030430;GO:0000175;GO:0046983;GO:0008270;GO:0004386
P0C6V9	GO:0039694;GO:0039502;GO:0004197;GO:0003727;GO:0032259;GO:0004519;GO:0039648;GO:0004843;GO:0044220;GO:0039595;GO:0005524;GO:0016021;GO:0039644;GO:0019082;GO:0039579;GO:0033644;GO:0003724;GO:0003968;GO:0008168;GO:0044172;GO:0003678;GO:0006351;GO:0004527;GO:0008270;GO:0039520
Q8GU92	GO:0042626;GO:0005524;GO:0016021
Q9A186	GO:0000453;GO:0070677;GO:0005737
O34651	GO:0000105;GO:0004399;GO:0005737;GO:0008270;GO:0051287;GO:0005829
Q38953	GO:0000390;GO:0009506;GO:0005739;GO:0003729;GO:0003724;GO:0005524;GO:0003723;GO:0005829;GO:0071013
B3MSG8	GO:0051539;GO:0003678;GO:0006260;GO:0005634;GO:0003677;GO:0006281;GO:0006310;GO:0010569;GO:0005524;GO:0046872;GO:0000723
Q47A75	GO:0051539;GO:0006400;GO:0035596;GO:0005737;GO:0046872
Q9STE7	GO:0006952;GO:0043531;GO:0005524
Q606C9	GO:0004851;GO:0043115;GO:0009236;GO:0032259;GO:0051266;GO:0051287;GO:0019354
Q8GV43	GO:0016042;GO:0004435;GO:0005886;GO:0048015
Q8C739	GO:0005829;GO:0005815;GO:0005739
Q8NHL6	GO:0001915;GO:0042130;GO:0042288;GO:0007165;GO:2001202;GO:0030107;GO:0030109;GO:0032945;GO:0005737;GO:2001186;GO:0008157;GO:0042803;GO:0060907;GO:0097028;GO:2001193;GO:0032693;GO:0051926;GO:0031623;GO:0032695;GO:0023029;GO:0005576;GO:0042536;GO:2000669;GO:0043065;GO:0005886;GO:0032609;GO:0016021;GO:0002250;GO:0045806;GO:0002230;GO:0010628;GO:0032688;GO:0071222;GO:0032394;GO:0009615;GO:0014063;GO:0046636;GO:0051607;GO:2001199;GO:0045944;GO:0009897;GO:0042169;GO:0032393;GO:0045953;GO:2001189;GO:0002309;GO:0045786;GO:2001205;GO:0002719;GO:0032689;GO:0002767;GO:0023025;GO:0002774;GO:0050776
P9WLU4	
Q39Z65	GO:0033362;GO:0010285;GO:0030170
Q27289	GO:0005576;GO:0007586;GO:0004252
Q9UFH2	GO:0003777;GO:0036126;GO:0060285;GO:0005874;GO:0030286;GO:0003341;GO:0036158;GO:0005858;GO:0005930;GO:0005524;GO:0031514;GO:0007018;GO:0036157;GO:0008569;GO:0051959;GO:0045505
Q8XJR2	GO:0046872;GO:0005886;GO:0004222;GO:0016021
P21189	GO:0045004;GO:0008296;GO:0003887;GO:0003677;GO:0009432;GO:0000166;GO:0006261
Q6FD71	GO:0004017;GO:0005737;GO:0005524;GO:0044209
P16954	GO:0102752;GO:0003844;GO:0043169;GO:0005978;GO:0004553
Q80ST9	GO:0044877;GO:0032391;GO:0045494;GO:0042073;GO:0005930;GO:0005929;GO:0036064
B7IT85	GO:0005737;GO:0009088;GO:0005524;GO:0004413
P26660	GO:0039694;GO:0039502;GO:0042025;GO:0004197;GO:0019031;GO:0039645;GO:0075512;GO:0005198;GO:0003723;GO:0016032;GO:0044186;GO:0044220;GO:0039707;GO:0005524;GO:0016021;GO:0039547;GO:0039545;GO:0005216;GO:0003724;GO:0003968;GO:0039654;GO:0044385;GO:0020002;GO:0055036;GO:0051259;GO:0019087;GO:0019013;GO:0039563;GO:0044167;GO:0008270;GO:0039520;GO:0044191;GO:0019062;GO:0004252
Q96DT5	GO:0060287;GO:0097729;GO:0031514;GO:0030317;GO:0051959;GO:0005576;GO:0030286;GO:0097728;GO:0120134;GO:0005930;GO:0005524;GO:0045505;GO:0007611;GO:0007018;GO:0007368;GO:0060411;GO:0005874;GO:0035545;GO:0003341;GO:0008569;GO:0003356
A1ATI6	GO:0033362;GO:0010285;GO:0030170
Q9H1J5	GO:0061317;GO:0005576;GO:0016055;GO:0030182;GO:0048018;GO:0032526;GO:0014034;GO:0060070;GO:0062009;GO:1904886;GO:0005125;GO:0044335;GO:0044324;GO:0005615;GO:0062023;GO:0005109;GO:0045165
Q5V7E8	GO:0005524;GO:0006260
Q6AWX8	GO:0006351;GO:0005634;GO:0032502;GO:0005524;GO:0006355
B0SGD8	GO:0018339;GO:0051539;GO:0006400;GO:0005737;GO:0046872;GO:0103039
P39820	GO:0055129;GO:0004349;GO:0005524;GO:0003723;GO:0005829;GO:0006561
A5GW23	GO:0033362;GO:0010285;GO:0030170
Q3APL0	GO:0051539;GO:0036070;GO:0046872;GO:0019685;GO:0005524;GO:0016730;GO:0016636
Q9P2G1	GO:0006511;GO:0032436;GO:0046872;GO:0061630;GO:0005737;GO:0031624;GO:0000209;GO:0000151
C1H8W8	GO:0003723;GO:0005730;GO:0006364
Q5ABX0	GO:0016572;GO:0008630;GO:0000781;GO:0005634;GO:0006281;GO:0000077;GO:0005524;GO:0000723;GO:0004674;GO:0010212;GO:1904262;GO:0006974
Q99IB8	GO:0042802;GO:1901397;GO:0039694;GO:0039614;GO:0039502;GO:0042025;GO:0004197;GO:0019031;GO:0005160;GO:0039645;GO:0075512;GO:0002223;GO:1902902;GO:1903215;GO:0005198;GO:0003723;GO:1903147;GO:0044186;GO:0044220;GO:0039707;GO:0005524;GO:0016021;GO:0039547;GO:0039653;GO:0039545;GO:0005216;GO:0010507;GO:0034156;GO:0017124;GO:0003724;GO:0031625;GO:0003968;GO:0039654;GO:1903637;GO:0052064;GO:0044385;GO:0020002;GO:0032967;GO:0034136;GO:0044165;GO:0030430;GO:0032715;GO:0055036;GO:0032914;GO:0034144;GO:0051259;GO:0019087;GO:0019013;GO:0039563;GO:0044167;GO:0008270;GO:0039520;GO:0044191;GO:0031397;GO:0019062;GO:0004252;GO:0034164
Q8DVF6	GO:0000287;GO:0000162;GO:0004048
B1AVH7	GO:0030054;GO:0017137;GO:0031410;GO:0090630;GO:0005654;GO:0006886;GO:0005829;GO:0043547;GO:0005096;GO:0045296
Q16787	GO:0030155;GO:0005604;GO:0005201;GO:0007229;GO:0005783;GO:0005198;GO:0005610;GO:0005576;GO:0098609;GO:0009888;GO:0031581;GO:0062023;GO:0045995;GO:0030334;GO:0070062;GO:0001738;GO:0009887;GO:0007411;GO:0030198;GO:0035987;GO:0008544;GO:0005178;GO:0016477
A1JL75	GO:0045127;GO:0006044;GO:0008270;GO:0005524;GO:0009254
Q88U40	GO:0003678;GO:0000724;GO:0005524;GO:0003690;GO:0008409
Q4WF61	GO:0010106;GO:0044550;GO:0019184;GO:0016874;GO:0009405;GO:0005737;GO:0019748;GO:0031177;GO:0043041
Q6P4Y0	GO:0051539;GO:0046872;GO:0035598;GO:0005789;GO:0035596;GO:0061712;GO:0035600;GO:0005783;GO:0016021
Q5HUR3	GO:0009073;GO:0005737;GO:0009423;GO:0003866
P47043	GO:0000978;GO:0006357;GO:0005634;GO:0000981;GO:0008270;GO:0000977;GO:0045944
Q2UGN1	GO:0005758;GO:0051603;GO:0004222;GO:0046872
Q10ZC3	GO:0033362;GO:0010285;GO:0030170
Q7MN00	GO:0051539;GO:0006400;GO:0035596;GO:0005737;GO:0046872
A1VZM9	GO:0009073;GO:0005737;GO:0009423;GO:0003866
A5W5G8	
Q2Y9Y8	GO:0030170;GO:0008710;GO:0009102
Q9NQZ7	GO:0030666;GO:0016787;GO:0016021;GO:0046872;GO:0034656
Q9HLV2	GO:0004613;GO:0006094;GO:0005737;GO:0030145;GO:0005525
P0C630	GO:0009073;GO:0005737;GO:0009423;GO:0003866
A8G7U0	GO:0004814;GO:0004820;GO:0006426;GO:0006420;GO:0005737;GO:0005524
Q6CP76	GO:0016572;GO:0000781;GO:0005634;GO:0006281;GO:0000077;GO:0005524;GO:0000723;GO:0004674;GO:0010212
Q81754	GO:0039694;GO:0039502;GO:0042025;GO:0004197;GO:0019031;GO:0039645;GO:0075512;GO:0005198;GO:0003723;GO:0044186;GO:0044220;GO:0039707;GO:0005524;GO:0016021;GO:0039547;GO:0039545;GO:0005216;GO:0017124;GO:0003724;GO:0003968;GO:0039654;GO:0044385;GO:0020002;GO:0055036;GO:0051259;GO:0019087;GO:0019013;GO:0039563;GO:0044167;GO:0008270;GO:0039520;GO:0044191;GO:0019062;GO:0004252
Q5NVN6	GO:0005813;GO:0007099;GO:0042770;GO:0051225;GO:0051301;GO:0000922;GO:0005737;GO:0000077;GO:0005814
A3DE13	GO:0008616;GO:0101030;GO:0008479;GO:0046872
C1CWJ7	GO:0006189;GO:0004643;GO:0003937
Q5REF6	GO:0016787;GO:0030659;GO:0046872;GO:0016021
P03379	GO:0020002;GO:0055036;GO:0019031;GO:0016021;GO:0046718;GO:0019062
Q53215	GO:0004497;GO:0016705;GO:0005506;GO:0020037
Q5P760	GO:0051539;GO:0006400;GO:0035596;GO:0005737;GO:0046872
Q65I37	GO:0030170;GO:0000105;GO:0004400
A8FLU4	GO:0009073;GO:0005737;GO:0009423;GO:0003866
P23423	GO:0020002;GO:0055036;GO:0019031;GO:0016021;GO:0046718;GO:0019062
Q6P5U8	
Q3K7W5	GO:0042597;GO:0017038;GO:0007049;GO:0051301
P23422	GO:0020002;GO:0055036;GO:0019031;GO:0016021;GO:0046718;GO:0019062
Q3JCS0	GO:0004851;GO:0043115;GO:0009236;GO:0032259;GO:0051266;GO:0051287;GO:0019354
O07016	GO:0016887;GO:0005886;GO:0005524
A1L0T0	GO:0005948;GO:0009099;GO:0005789;GO:0016829;GO:0016021;GO:0030976;GO:0001561;GO:0050660;GO:0016020;GO:0009097;GO:0003984;GO:0000287
Q0VBD2	GO:0003697;GO:0042802;GO:0046872;GO:0005634;GO:0005730;GO:0008283;GO:0005654;GO:0006270;GO:0003688;GO:0031298;GO:0019899;GO:0003690;GO:0006974
Q0AD60	GO:0003723;GO:0031564;GO:0006353
P28349	GO:0006351;GO:0005634;GO:0000981;GO:0042128;GO:0003677;GO:0008270
Q9JGL0	GO:0008234;GO:0020002;GO:0006370;GO:0006351;GO:0039694;GO:0042025;GO:0044176;GO:0046872;GO:0005525;GO:0044162;GO:0003968;GO:0003724;GO:0004651;GO:0016020;GO:0008174;GO:0005524;GO:0039523;GO:0003723;GO:0004652
Q5Y389	GO:0008234;GO:0020002;GO:0006370;GO:0006351;GO:0039694;GO:0042025;GO:0044176;GO:0046872;GO:0005525;GO:0044162;GO:0003968;GO:0003724;GO:0004651;GO:0016020;GO:0008174;GO:0005524;GO:0039523;GO:0003723;GO:0004652
Q5XXP4	GO:0008234;GO:0020002;GO:0006370;GO:0006351;GO:0039694;GO:0042025;GO:0044176;GO:0046872;GO:0005525;GO:0044162;GO:0003968;GO:0003724;GO:0004651;GO:0016020;GO:0008174;GO:0005524;GO:0039523;GO:0003723;GO:0004652
Q5BA81	GO:1900617;GO:0016405;GO:0005524;GO:0019748;GO:1900557
P0C6W6	GO:0039694;GO:0039502;GO:0004197;GO:0003727;GO:0032259;GO:0004519;GO:0039648;GO:0004843;GO:0044220;GO:0039595;GO:0005524;GO:0016021;GO:0039644;GO:0019082;GO:0039579;GO:0033644;GO:0003724;GO:0003968;GO:0008168;GO:0044172;GO:0003678;GO:0006351;GO:0004527;GO:0008270;GO:0039520
